likes,views,engagement_pct,post_date,creator_handle,creator_name,followers,shop_video,video_url,caption
106900,1700000,6.29,2024-10-11,@purelywellbeing,purelywellbeing,13900,no,https://www.tiktok.com/@purelywellbeing/video/7424308345445715246,Thanks to this amazing woman im finally starting to feel better #greenscreen #greenscreenv
43200,2500000,1.73,2025-07-22,@faithkilla0116,Tiffany Faith,1400000,YES,https://www.tiktok.com/@faithkilla0116/video/7529938302665854221,#ttslevelup #tiktokshopcreatorpicks #dealsforyoudays #primalqueen #supplement
40100,529600,7.57,2026-04-07,@rabeyakhat,RabeyaKhatun,1900000,no,https://www.tiktok.com/@rabeyakhat/video/7626095453376924942,#primalqueen #kikcoin
14100,3800000,0.37,2025-06-01,@cleanbritchesllc,Destin✨| MOM+LIFE+FITNESS,108200,YES,https://www.tiktok.com/@cleanbritchesllc/video/7511050671185988895,Should have came with a WARNING! #supplements #energy #sex #mood #weightloss #primalqueen 
13800,930600,1.48,2025-02-17,@earthto.kam,✨kameron,102600,YES,https://www.tiktok.com/@earthto.kam/video/7472391615173184811,will update yall next week 😭 #honestreview #selfcare
9826,3300000,0.3,2025-01-23,@linzbuzzard,Lindsay | WFH Mom,37900,YES,https://www.tiktok.com/@linzbuzzard/video/7463223910578916654,@Primal Queen I love you forever 🫶🏼 best supplement for women made by women ⚡️ #primalquee
8566,1200000,0.71,2025-06-26,@anavaleria80,Ana Valeria Vela,167900,YES,https://www.tiktok.com/@anavaleria80/video/7520357349584801055,Me estoy arriesgando al subir esto pero necesito que las mujeres vean este producto. Vayan
5367,350900,1.53,2024-03-22,@pq.founder.shelby,PQ Shelby,1094,no,https://www.tiktok.com/@pq.founder.shelby/video/7349277263839415595,What to expect from taking Primal Queen after 1 month of use ☺️ stay tuned for part 3!  #p
5312,918000,0.58,2024-12-03,@drchrispharmd,DrChrisPharmD,353500,YES,https://www.tiktok.com/@drchrispharmd/video/7443968525431082271,"Replying to @the_naturalist meat organs are a great source of iron, vitamin A, and folate."
5292,103700,5.1,2024-10-12,@purelywellbeing,purelywellbeing,13900,no,https://www.tiktok.com/@purelywellbeing/video/7424974076248313134,Im so glad i came across this  #greenscreenvideo #greenscreen #irondeficiency #anemia #ane
4593,351500,1.31,2026-05-18,@drew.review1,Drew Review,162900,YES,https://www.tiktok.com/@drew.review1/video/7641050525349219598,Scientifically backed natural alternatives for alleviating joint pain! #kneepain #painreli
4393,157500,2.79,2024-11-11,@purelywellbeing,purelywellbeing,13900,no,https://www.tiktok.com/@purelywellbeing/video/7435836805443931438,Replying to @myskinchronicles  Yeah thankfully it wasnt JUST my iron levels.. my life has 
3943,76100,5.18,2026-07-29,@low.iron.living,Low Iron Living,103100,no,https://www.tiktok.com/@low.iron.living/video/7667786739208949022,"If you're dealing with low iron, these are the 3 supplements that have made the biggest di"
3796,1200000,0.32,2025-12-04,@raeliishae,RaeliiShae,31200,shop-other,https://www.tiktok.com/@raeliishae/video/7580124223855774990,Creatine gummy’s that taste so good! Like a pink ⭐️ burst!! 🩷  ##BBL##creatine##primalquee
3781,31000,12.2,2026-02-17,@kadiem84,Kadijah✨,9839,YES,https://www.tiktok.com/@kadiem84/video/7607860303069596942,"I don’t stick to things that don’t work for me 🤷‍♀️ If it’s in my routine, it earned its s"
3670,91200,4.02,2025-02-26,@hiamandabutler,Amanda Butler,112200,no,https://www.tiktok.com/@hiamandabutler/video/7475545790308715822,"Supplements I take for fatigue and low energy. For my cancer baddies, hormone dysregulated"
3652,142700,2.56,2026-01-29,@the_health_plug,Cory Webster,47100,no,https://www.tiktok.com/@the_health_plug/video/7600926269739453709,Things that worked for me this cycle that I did differently. Trying to conceive.  ##ttc##p
3522,448900,0.78,2026-05-13,@prettypickedd,Adrienne ✨🛒,288800,shop-other,https://www.tiktok.com/@prettypickedd/video/7639364689998269710,The only way to see progress has been these #tiktokshopcreatorpicks #tiktokshopstockup #ti
3461,59600,5.81,2026-03-25,@low.iron.living,Low Iron Living,103100,no,https://www.tiktok.com/@low.iron.living/video/7621216953335663903,Comment ‘supplement routine’ and I’ll send over a link for 25% off any Mary Ruth supplemen
3397,59100,5.75,2024-12-06,@purelywellbeing,purelywellbeing,13900,no,https://www.tiktok.com/@purelywellbeing/video/7445433419464527150,My mom and sister take them too #greenscreenvideo #greenscreen #beeforgans #beefliver #ane
3311,312600,1.06,2026-02-12,@thedoctorincowgirlboots,TheDoctorInCowgirlBoots,10800,YES,https://www.tiktok.com/@thedoctorincowgirlboots/video/7605817785544887583,DON’T EAT THESE 🤭 #PrimalQueen #womenssupplements #beeforgans #motherhood #momlife
2632,168000,1.57,2026-05-12,@faithkilla0116,Tiffany Faith,1400000,YES,https://www.tiktok.com/@faithkilla0116/video/7639007803935411469,#primalqueen #health #selfcare @Primal Queen
2613,211300,1.24,2026-05-13,@cleanbritchesllc,Destin✨| MOM+LIFE+FITNESS,108200,YES,https://www.tiktok.com/@cleanbritchesllc/video/7639183217135717662,"Finally feeling like myself again, and it’s so nice to feel this way. HELLO OLD SELF! Than"
2604,658300,0.4,2025-10-03,@highvibeintuition,✨Andrea✨,47900,YES,https://www.tiktok.com/@highvibeintuition/video/7557134879612308766,I would make sure you’re aware of this ASAP!! 👀 #primalqueen #primalqueensupplements #beef
2496,948600,0.26,2024-11-07,@melrein82,Maggie Sue & Golden Doodle,15900,YES,https://www.tiktok.com/@melrein82/video/7434652459164847403,Unlock your health with Primal Queen Beef Supplement! Packed with essential nutrients this
2448,330900,0.74,2026-05-13,@drew.review1,Drew Review,162900,YES,https://www.tiktok.com/@drew.review1/video/7639178757399465229,Let’s discuss which supplements are great supportive aids for joint health! #painrelief #j
2194,83600,2.62,2025-02-24,@earthto.kam,✨kameron,102600,no,https://www.tiktok.com/@earthto.kam/video/7475029657809620270,Replying to @￶ WEEK 2 UPDATE ✨ #primalqueen #honestreview #pmdd #pcos #balancedhormones
2188,760700,0.29,2024-12-18,@linzbuzzard,Lindsay | WFH Mom,37900,YES,https://www.tiktok.com/@linzbuzzard/video/7449577457470147886,The Best Supplement for women is @Primal Queen and they are cheaper here! This is the supp
1873,259700,0.72,2026-05-20,@drew.review1,Drew Review,162900,YES,https://www.tiktok.com/@drew.review1/video/7641762432079105310,"Replying to @Randi this primal queen marrow supplement is phenomenal, I’m really impressed"
1872,313100,0.6,2025-10-10,@kelly.rebelwhitecoat,PharmD.RebelWhiteCoat,119600,YES,https://www.tiktok.com/@kelly.rebelwhitecoat/video/7559633513775975710,"As a pharmacist, I love seeing real data behind women’s wellness products and this one act"
1645,53300,3.09,2026-05-06,@faithkilla0116,Tiffany Faith,1400000,YES,https://www.tiktok.com/@faithkilla0116/video/7636757009424977166,"Primal queen really is life-changing, but as always do your research first and you’ll see "
1602,92400,1.73,2024-06-10,@avocandreatoast,andrea,15100,no,https://www.tiktok.com/@avocandreatoast/video/7378677453092441375,wait til you hear me read the ingredient list 😂 stay tuned for this beef organ journey to 
1581,300300,0.53,2026-07-20,@cleanbritchesllc,Destin✨| MOM+LIFE+FITNESS,108200,YES,https://www.tiktok.com/@cleanbritchesllc/video/7664714217043397918,Now what will you do? Don’t do it! 👏#womenshealth #dailynutrition #health #beeforgans #pri
1530,75700,2.02,2025-07-30,@kendallsmith.904,KENDALLSMITH.904,1700000,YES,https://www.tiktok.com/@kendallsmith.904/video/7532890923575905549,My daily supplements 🫶🏼 #supplements #health #supplement #primalqueen #fyp
1469,82600,1.78,2024-10-10,@purelywellbeing,purelywellbeing,13900,no,https://www.tiktok.com/@purelywellbeing/video/7424108626517757226,Hope this helps someone else too 💗 #irondeficiency #anemia #anemic #primalqueen #beeforgan
1444,59300,2.44,2025-03-10,@lavalea.rich,2kidsandamulletlater,311500,no,https://www.tiktok.com/@lavalea.rich/video/7480215376572337450,@Primal Queen 1000000x thank you💕 #2kidsandamulletlater #beeforgan #beeforgansupplements #
1382,122900,1.12,2026-05-09,@drew.review,Drew Reviews,189500,YES,https://www.tiktok.com/@drew.review/video/7637701167128120590,Which supplements are particularly suited for joint health! #painrelief #jointpain #kneepa
1380,78400,1.76,2026-03-12,@low.iron.living,Low Iron Living,103100,YES,https://www.tiktok.com/@low.iron.living/video/7616515507256134942,I get all the questions about what I’m taking and well this is it!  The only thing that ha
1353,172200,0.79,2025-04-10,@hustlin.momma,Katie,5172,YES,https://www.tiktok.com/@hustlin.momma/video/7491754878163799342,"I know y’all get tired of product pushing but let me tell you, I bought primal queen with "
1334,53500,2.49,2026-02-28,@low.iron.living,Low Iron Living,103100,no,https://www.tiktok.com/@low.iron.living/video/7611741209630870814,Recovery is not linear and it’s been such an important lesson for me during my low iron jo
1283,27300,4.7,2025-12-17,@grassfedsoaps,Grass Fed Soaps,39200,no,https://www.tiktok.com/@grassfedsoaps/video/7584871707257736479,"When I formulated our conditioner, I wanted that silky, salon-level feel — without relying"
1202,49200,2.44,2025-03-19,@stephanie_lee56,Stephanie_lee56🖤,726000,no,https://www.tiktok.com/@stephanie_lee56/video/7483476993225362731,When I tell you they taste like watermelon sour patch I ain’t lying lol 😂 when yall she me
1094,11400,9.6,2026-04-10,@devaryne_hewett,Devaryne Hewett,658700,shop-other,https://www.tiktok.com/@devaryne_hewett/video/7627263763967642911,#fypシ #productreview #creatine #primalqueen #selfcare
1075,179600,0.6,2024-11-27,@drchrispharmd,DrChrisPharmD,353500,YES,https://www.tiktok.com/@drchrispharmd/video/7442085590318828843,"Replying to @theholisticlives Beef organs, like liver and heart, are some of the most powe"
1070,153600,0.7,2025-10-16,@naturallivingwithtanya,NaturalLivingWithTanya,5736,YES,https://www.tiktok.com/@naturallivingwithtanya/video/7561934098449698061,Primal Queen Honest Review #primalqueen #beeforgans #honestreview #tiktokshopfinds @Primal
1047,72000,1.45,2025-02-25,@earthto.kam,✨kameron,102600,no,https://www.tiktok.com/@earthto.kam/video/7475166003245092138,Replying to @Icarus why primal queen is giving me the ick… #honestreview #thetea #tiktoksh
976,41900,2.33,2025-02-14,@abs_knaps,Abs_Knaps,990,no,https://www.tiktok.com/@abs_knaps/video/7471104838441651502,The algorithm got me 😅  I’m tracking my journey and honest feedback for @Primalqueenusa  #
943,126400,0.75,2026-05-18,@drew.review,Drew Reviews,189500,YES,https://www.tiktok.com/@drew.review/video/7641088672154127629,Which natural nutrients encourage healthy joints and repair! #kneepain #holistichealth #wo
868,10500,8.27,2025-05-21,@tetonfam,Zephyr T shop,6167,no,https://www.tiktok.com/@tetonfam/video/7506682839354592542,"Now that I’m three months in, I can really feel my mood shifting for the better, and the e"
831,36200,2.3,2025-02-03,@untamedmomma,Untamed_Momma,100600,YES,https://www.tiktok.com/@untamedmomma/video/7467315335809535263,Primal Queen! #natural #hormonebalance #vitamins #supplements #women #healthy @Primal Quee
820,89300,0.92,2026-05-18,@millennialeve,Eve’s PCOS journey 💋,49300,YES,https://www.tiktok.com/@millennialeve/video/7641259044598025485,Don’t wait until you can’t even move! #bonemarrow #collagen #womenshealth #arthritis
809,5757,14.05,2025-05-23,@b.llanes,Beth ♥️,3931,YES,https://www.tiktok.com/@b.llanes/video/7507700980289654062,This has been a game changer for me ladies!! No BS over here. It actually works👏🏼🙌🏼🔥 #prim
758,24900,3.04,2025-01-10,@purelywellbeing,purelywellbeing,13900,no,https://www.tiktok.com/@purelywellbeing/video/7458390842173312302,Replying to @Melis😊 it’s literally god sent  #beeforgans #beefliver #anemic #anemia #welln
755,80000,0.94,2026-05-11,@cleanbritchesllc,Destin✨| MOM+LIFE+FITNESS,108200,YES,https://www.tiktok.com/@cleanbritchesllc/video/7638787928222698783,I bet you didn’t know this… now you do. Short term < longevity. @PrimalQueen LONGEVITY win
754,88100,0.86,2026-06-02,@prettypickedd,Adrienne ✨🛒,288800,shop-other,https://www.tiktok.com/@prettypickedd/video/7646773607753944334,"As an ex bodybuilder, this is something that everybody should take ##tiktokshopcreatorpick"
751,87500,0.86,2025-08-27,@strongmama10,strongmama10 📲,5687,YES,https://www.tiktok.com/@strongmama10/video/7543280134938316046,Replying to @orlandomom📲 Primal queen #primalqueen #tiktokshopcreatorpicks
746,197000,0.38,2026-03-15,@tariasalmons,Taria Salmons 🥇,13600,YES,https://www.tiktok.com/@tariasalmons/video/7617630611741641998,
722,8448,8.55,2025-04-25,@princesstianaofchrist,👑Tiana🎮,4,no,https://www.tiktok.com/@princesstianaofchrist/video/7497110088558054687,GIVE PRIMAL QUEEN A TRY!! LINK IN BIO!!! I'm on my 2 week from this video and I have seen 
707,7644,9.25,2025-06-03,@sincerelystepha,SincerelySteph,1491,no,https://www.tiktok.com/@sincerelystepha/video/7511859744726879531,The Honest truth about @PrimalQueen 👀  #primalqueenjourney #primalqueenreviews #primalquee
695,4536,15.32,2025-06-05,@ash_williams2022,A W 🌙,5605,no,https://www.tiktok.com/@ash_williams2022/video/7512582924215127326,So far so good ! Energy level is coming back ! #fyp #partnership @Primalqueenusa @PrimalQu
691,32800,2.11,2025-01-31,@linzbuzzard,Lindsay | WFH Mom,37900,YES,https://www.tiktok.com/@linzbuzzard/video/7465877374534438186,Replying to @Alaina Jack are you taking your supplements wrong?! I was for SO long. Making
684,19300,3.54,2025-03-02,@abs_knaps,Abs_Knaps,990,no,https://www.tiktok.com/@abs_knaps/video/7477306809963908394,Replying to @KittyNyx  two weeks in! Here are my thoughts #primalqueen #honestreview #well
666,65900,1.01,2024-10-30,@purelywellbeing,purelywellbeing,13900,no,https://www.tiktok.com/@purelywellbeing/video/7431373125914299690,I love her vids  #greenscreen #greenscreenvideo #beeforgans #primalqueen #beefliver #anemi
646,195600,0.33,2025-11-18,@jessrae1.0,Jess Rae,24600,YES,https://www.tiktok.com/@jessrae1.0/video/7574051350762245389,"There are so many fakes out there, be careful! #PrimalQueen #tiktokshopblackfriday #tiktok"
645,53600,1.2,2024-03-21,@pq.founder.shelby,PQ Shelby,1094,no,https://www.tiktok.com/@pq.founder.shelby/video/7348917650782817579,Wondering what to expect from taking Primal Queen? Watch this!  Im going to break it down 
614,3175,19.34,2026-06-22,@livinglifewithmichelle,Real Life with Michelle,1744,YES,https://www.tiktok.com/@livinglifewithmichelle/video/7654016628576832782,Primal Queen helped me get through perimenopause and menopause symptoms! Try for 30 days! 
603,98500,0.61,2025-07-03,@rebecks17,Rebecca ⚡️,21100,YES,https://www.tiktok.com/@rebecks17/video/7522831508004982046,Replying to @rebecks117  1 month taking @PrimalQueen  beef organs.. here's my results.  #p
582,24100,2.41,2025-10-28,@curvefitacademy,CurveFitAcademy,97700,YES,https://www.tiktok.com/@curvefitacademy/video/7566083358975921421,Hormonal birth control causes nutrient deficiencies but they're very easily solved This is
580,3083,18.81,2026-06-08,@livinglifewithmichelle,Real Life with Michelle,1744,YES,https://www.tiktok.com/@livinglifewithmichelle/video/7649159417333583118,Midlife brought low energy but Primal Queen Beef Organs helped me start to keep up with li
558,69800,0.8,2024-03-22,@hisom0813,😍Heather Isom🤩,1210,no,https://www.tiktok.com/@hisom0813/video/7349238990022642986,#stitch with @Heather Isom update on Primal Queen supplements! #primalqueen #supplements #
544,336300,0.16,2025-04-10,@stephaniexshops,stephanieXshops,22900,YES,https://www.tiktok.com/@stephaniexshops/video/7491780762581323054,I wish I found these sooner!!! #womenssupplements #primalqueensupplements #primalqueen #be
543,6248,8.69,2025-12-18,@renniem45,Larenda 45,8444,no,https://www.tiktok.com/@renniem45/video/7585302227590401335,#Energy # mood #Vitality# primal Queen # Affliate Creator
525,37000,1.42,2025-12-03,@queenenergyclubs,Queenenergyclub,239,no,https://www.tiktok.com/@queenenergyclubs/video/7579602075802160391,"Low ferritin can leave you tired, foggy, and struggling with your cycle. Primal Queen give"
521,255400,0.2,2025-09-27,@shopwithkellie,Kellie chaos 2739,10000,YES,https://www.tiktok.com/@shopwithkellie/video/7554884500824673567,#primalqueen 30+ Women 40+women  Trending Products Must haves Flash Sale Discount #tiktoks
516,257600,0.2,2025-08-05,@calikellydeals,Cali Kelly,9986,YES,https://www.tiktok.com/@calikellydeals/video/7535251905816071454,Grab your refill pack while it’s on sale! Limited time only #primalqueen #primalqueenrefil
506,14600,3.47,2025-02-26,@dickeyfit,Dickeyfit,66200,YES,https://www.tiktok.com/@dickeyfit/video/7475751898663046446,@Primal Queen PLS SAVE ME👸🏽😭🩷 #fyp #primalqueens #primalqueensupplements #beeforgans #supp
499,41500,1.2,2024-10-15,@purelywellbeing,purelywellbeing,13900,no,https://www.tiktok.com/@purelywellbeing/video/7425803737014308138,The girls are all taking beef organs now 🥹  #greenscreen #irondeficiency #anemia #anemic #
498,23100,2.16,2026-02-18,@the_health_plug,Cory Webster,47100,no,https://www.tiktok.com/@the_health_plug/video/7608260762292751629,Seven weeks pregnancy Update. The number one thing I did different the cycle we conceived.
495,78000,0.63,2025-06-03,@mrsbieber_rn,Mrs Bieber | RN ⚡️,5370,YES,https://www.tiktok.com/@mrsbieber_rn/video/7511555065828887854,How do I tell if a supplement is fake? Are you buying a fake version of the supplement you
493,12900,3.82,2025-11-27,@themillieelise,millieelise,98900,no,https://www.tiktok.com/@themillieelise/video/7577238961739861303,Click the link in my bio to shop !  https://www.primalqueen.com/MILLIE
476,2864,16.62,2026-06-14,@livinglifewithmichelle,Real Life with Michelle,1744,YES,https://www.tiktok.com/@livinglifewithmichelle/video/7651215814892342542,No one warned me menopause would be like this!  Primal Queen got me! I had more energy in 
458,318900,0.14,2025-03-22,@the.healthnut,Eunice SAHMX2,6925,YES,https://www.tiktok.com/@the.healthnut/video/7484648607002578222,Grab this Primal Queen deal before it’s gone! Tik Tok deal Tik Tok flash sale #primalqueen
452,3103,14.57,2026-06-16,@livinglifewithmichelle,Real Life with Michelle,1744,YES,https://www.tiktok.com/@livinglifewithmichelle/video/7652108492966300941,Menopause isn't winning thanks to Primal Queen!  I had more energy in just 7 days! Try tod
443,128400,0.35,2024-12-30,@melrein82,Maggie Sue & Golden Doodle,15900,YES,https://www.tiktok.com/@melrein82/video/7454034841319787818,Replying to @JessAnn0713 save this post for when you need a refill. #beefliver #ironsupple
423,52300,0.81,2025-12-20,@earthto.kam,✨kameron,102600,YES,https://www.tiktok.com/@earthto.kam/video/7585814471373851934,have yall tried this? whats your experience been? 🤨 #selfcare #honestreview #primalqueen #
422,13400,3.15,2025-02-21,@abs_knaps,Abs_Knaps,990,no,https://www.tiktok.com/@abs_knaps/video/7473928539444710698,Replying to @Brendahastiktok #primalqueen #honestreview #wellnessjourney #eczemaflareup #u
401,50800,0.79,2026-05-31,@nurselexa,Lexa,72700,shop-other,https://www.tiktok.com/@nurselexa/video/7646053657141677325,Creatine is hands down one of the best supplements women should consider taking. @Primal Q
400,7526,5.31,2026-02-26,@ttc_pcosgirlie_am,TTC_PCOSgirlie_AM,925,YES,https://www.tiktok.com/@ttc_pcosgirlie_am/video/7610946340922723598,Look what I picked up on my doorstep this morning!!  My @Primal Queen capsules came!! I go
399,180000,0.22,2025-11-03,@strongmama10,strongmama10 📲,5687,shop-other,https://www.tiktok.com/@strongmama10/video/7568610055902334238,#Inverted Primal queen TikTok shop exclusive bundle with goddess creatine bites #tiktoksho
396,195500,0.2,2025-04-15,@strongmama10,strongmama10 📲,5687,YES,https://www.tiktok.com/@strongmama10/video/7493539528834125087,Hurry!! Primal queen is on a huge discount! #primalqueen #beeforgans #organmeat #carnivore
394,67400,0.58,2024-12-06,@wildandalmostfree,Wild & Almost Free Inc.,54900,YES,https://www.tiktok.com/@wildandalmostfree/video/7445104167955270954,Primal Queen Beef Organ women’s supplement 🎉💗 #beeforgans #beeforgansupplements #supplemen
377,2731,13.8,2026-06-09,@livinglifewithmichelle,Real Life with Michelle,1744,shop-other,https://www.tiktok.com/@livinglifewithmichelle/video/7649300596280937741,Menopause Brain Fog is a B$T@H!  Creatine helps support lifting the fog.  Primal Queen God
375,18200,2.06,2026-03-09,@the_health_plug,Cory Webster,47100,no,https://www.tiktok.com/@the_health_plug/video/7615339217517858062,TTC Giveaway  this is the supplement I started taking a month before we conceived baby num
370,62600,0.59,2025-09-27,@mamamoorecreates,mamamoorecreates,6370,YES,https://www.tiktok.com/@mamamoorecreates/video/7554599397489659167,Primal Queen Beef Organ Supplements are changing the game for women. With improvements to 
362,50800,0.71,2025-12-22,@morgan_ttsfinds,FindsbymorganRN🌀,6830,YES,https://www.tiktok.com/@morgan_ttsfinds/video/7586172104173817101,I wish I knew about this sooner @Primal Queen #primalqueen #supplementsthatwork #womenshea
362,67000,0.54,2025-06-12,@imthelittlebirdy,A True Aquarius 📖,167900,YES,https://www.tiktok.com/@imthelittlebirdy/video/7515181802823240990,Have you tried Primal Queen yet???? Let me know!! #primalqueen
361,1632,22.12,2026-01-04,@grammycoop,Grammycoop Gen❌1968 and G7!!,9494,YES,https://www.tiktok.com/@grammycoop/video/7591638408578075934,#Primalqueen #Changemylife
360,2842,12.67,2025-12-16,@lifewithmarleew,Marlee W,249000,no,https://www.tiktok.com/@lifewithmarleew/video/7584530052268690719,The benefits of taking beef organs are amazing! I can’t wait to see how my body changes wi
351,239600,0.15,2025-08-21,@calikellydeals,Cali Kelly,9986,YES,https://www.tiktok.com/@calikellydeals/video/7540829162395749663,Primal Queen refill packs are on sale for a limited time only! #primalqueen #primalqueenre
351,9412,3.73,2025-03-15,@abs_knaps,Abs_Knaps,990,no,https://www.tiktok.com/@abs_knaps/video/7481833537004653870,Replying to @Ashley Lynn Nicole Johnson #primalqueen #honestreview #wellnessjourney #updat
351,10800,3.25,2024-10-22,@purelywellbeing,purelywellbeing,13900,no,https://www.tiktok.com/@purelywellbeing/video/7428616908892540202,Replying to @Meghannew10 hope this helps 🫶🏼 #beeforgans #primalqueen #beefliver #anemic #a
342,16500,2.07,2024-10-12,@purelywellbeing,purelywellbeing,13900,no,https://www.tiktok.com/@purelywellbeing/video/7424699013728914734,Replying to @JCBalloonHTX ill try to make a short post every day or every couple of days f
340,31400,1.08,2024-04-01,@pq.founder.shelby,PQ Shelby,1094,no,https://www.tiktok.com/@pq.founder.shelby/video/7353020016352234798,What you can expect after taking Primal Queen for 3 months 😌😉 #primalqueen #health #selfca
339,73100,0.46,2026-05-19,@mrsmiller110417,Julia the hot mess mama,3858,shop-other,https://www.tiktok.com/@mrsmiller110417/video/7641395548200783118,"Don’t want to pay for the starter kit? No worries, primal Queen has you covered! #primalqu"
338,122800,0.28,2025-03-24,@highvibeintuition,✨Andrea✨,47900,YES,https://www.tiktok.com/@highvibeintuition/video/7485430739341823274,Save even MORE when you stock up on your Primal Queen today! 😍🔥 (**Sales and coupons vary 
338,44100,0.77,2026-06-13,@prettypickedd,Adrienne ✨🛒,288800,shop-other,https://www.tiktok.com/@prettypickedd/video/7651012541795044621,I’ve been able to grow my glutes because of this #tiktokshopcreatorpicks #dealforyoudays #
335,110200,0.3,2025-10-04,@highvibeintuition,✨Andrea✨,47900,YES,https://www.tiktok.com/@highvibeintuition/video/7557362337540214046,I can’t even believe they did this!! 😳 #primalqueen #primalqueensupplements #beeforgansupp
322,45800,0.7,2024-12-15,@warriorsofpcos,Ally | PCOS Warriors,0,YES,https://www.tiktok.com/@warriorsofpcos/video/7448476057549704478,"This is your sign to become a #primalqueen Formulated by women for women, these supplement"
318,11300,2.81,2025-12-16,@_scarred_barbie_,Barbie Marin,84400,shop-other,https://www.tiktok.com/@_scarred_barbie_/video/7584581869950307615,Replying to @Meli #fyp #primalqueen #supplements #healthcare #menopause
309,23900,1.29,2026-05-17,@drew.review1,Drew Review,162900,YES,https://www.tiktok.com/@drew.review1/video/7640993298856856845,"Aching joints? Can’t bend down anymore? Swollen, inflamed, and in pain? #primalqueennewarr"
308,15000,2.05,2025-07-30,@mama_raych,💕That Girl Mama Raychell💕,43100,YES,https://www.tiktok.com/@mama_raych/video/7532992868751772942,@PrimalQueen @Primalqueenusa Primal Queen beef organ supplements have helped me stop drink
307,14500,2.12,2026-02-17,@earthto.kam,✨kameron,102600,YES,https://www.tiktok.com/@earthto.kam/video/7607810289752444190,a year ago today i was violently spewing 😃 #honestreview #primalqueen
306,5408,5.66,2026-06-08,@mamagoesdigital254,Alicia H,718,no,https://www.tiktok.com/@mamagoesdigital254/video/7649035286864776478,@primalqueenliveUse my link for 25% off your first order. https://www.primalqueen.com/ALIC
298,16000,1.86,2026-05-29,@rphreviews,rphreviews,401800,YES,https://www.tiktok.com/@rphreviews/video/7645410266473172254,If you’re a millennial or Gen X and you have stiff joints. It’s because we’re getting olde
293,7077,4.14,2024-10-26,@purelywellbeing,purelywellbeing,13900,no,https://www.tiktok.com/@purelywellbeing/video/7430147621232086315,I love them so much now #greenscreen #greenscreenvideo #beeforgans #primalqueen #beefliver
291,3797,7.66,2026-08-10,@sissysscriblesnbibbles,Sissys Scribbles N Bibbles,70400,YES,https://www.tiktok.com/@sissysscriblesnbibbles/video/7672305810734697741,"FaceTime with me, let journal and do a common place entry on @Primal Queen #primalqueen"
287,13500,2.13,2025-06-07,@affleckpartyof5,amandaaa | SAHM 💕,12400,YES,https://www.tiktok.com/@affleckpartyof5/video/7513279189869677870,1 week in 🙌🏻 hoping to see some changes within the first month ❤️ #primalqueen #primalquee
273,28900,0.94,2025-06-01,@bravelybrittany,ASDMOM🦋Bravely🦋Brittany,5973,YES,https://www.tiktok.com/@bravelybrittany/video/7511124966616878382,My full honest review of Primal Queen! #primalqueenjourney #primalqueen #healthy #journey 
267,235000,0.11,2025-10-04,@calikellydeals,Cali Kelly,9986,YES,https://www.tiktok.com/@calikellydeals/video/7557511513192320287,But seriously. The primal Queen beef organ supplement sale is a good one. 24 hrs only! #ti
261,5024,5.2,2026-01-11,@homewiththeboys3,Erin the PW & Boy Mom of 3,5746,no,https://www.tiktok.com/@homewiththeboys3/video/7593939989642235191,🚨PRIMAL QUEEN LAUNCH!🚨 I am so excited about this. Primal Queen just launched their very o
261,17500,1.49,2025-06-09,@lady_for_liberty,Brandi🌻,5165,YES,https://www.tiktok.com/@lady_for_liberty/video/7514082176896453934,From surviving to thriving 💪👑 200+ ➡️ 154 and feeling unstoppable! Proof that consistency 
260,71700,0.36,2025-08-06,@runonmagicmom,"Run On Magic, Mom",79000,YES,https://www.tiktok.com/@runonmagicmom/video/7535568681196129567,"Primal queen is on sale and when you use my link, they will send you the three free gifts "
259,10000,2.59,2026-07-06,@rphreviews,rphreviews,401800,YES,https://www.tiktok.com/@rphreviews/video/7659387148700831007,Good joint health starts with glucosamine and the most natural form is in @PrimalQueen bon
258,31700,0.81,2026-01-09,@rasmag18,Alexa Kleikamp TT Hype Woman,180300,YES,https://www.tiktok.com/@rasmag18/video/7593405823083105566,The best move I’ve made as a woman. So thankful for @Primal Queen #supplementsforwomen #na
258,15700,1.64,2024-11-12,@toni_mc2,Antoinette McCommons,93,no,https://www.tiktok.com/@toni_mc2/video/7436514729524284715,"@Primal Queen Recently I’ve been taking these Primal Queen beef organ supplements, and so "
256,56800,0.45,2025-06-27,@hestergrey,HesterGrey,1789,YES,https://www.tiktok.com/@hestergrey/video/7520624814512442679,Replying to @hestergrey #primalqueen #beeforgans #dealsforyoudays #tiktokshopcreatorpicks 
255,2339,10.9,2026-05-30,@brandileighofficial,Brandi Leigh,23200,shop-other,https://www.tiktok.com/@brandileighofficial/video/7645714712105061663,RUN BC IVE NEVER SEEN PRIMAL QUEEN THIS DISCOUNTED!!!  #primalqueen
253,31100,0.81,2026-05-09,@drew.review,Drew Reviews,189500,YES,https://www.tiktok.com/@drew.review/video/7637980335241825550,Replying to @Chelle-Nicole | TTS primal queen is so incredible I’m so glad you agree!! ❤️ 
252,9154,2.75,2025-08-14,@kymieann,Kymie Ann,835000,YES,https://www.tiktok.com/@kymieann/video/7538231305314651406,"Do you want your hormones, balanced or your energy to be better? I have the perfect supple"
248,32100,0.77,2026-06-08,@imchellenicole,Chelle-Nicole,7528,YES,https://www.tiktok.com/@imchellenicole/video/7648816261928963342,Gen❌ ladies! Make your man shower again 😜 @Primal Queen #primalqueen #summerwins #dealsfor
244,19800,1.23,2025-03-25,@_scarred_barbie_,Barbie Marin,84400,no,https://www.tiktok.com/@_scarred_barbie_/video/7485852439317450014,Give me your honest opinion #primalqueen #glowinggoddess #beeforgansupplements #supplement
238,50400,0.47,2026-01-30,@the_health_plug,Cory Webster,47100,YES,https://www.tiktok.com/@the_health_plug/video/7601153386129394958,Here it is! Primal Queen.  #primalqueen #beeforgans #ttc #fertility #fertilityjourney
237,41100,0.58,2025-02-18,@uzomoore,UzoMoore,15300,no,https://www.tiktok.com/@uzomoore/video/7472731465248181547,#ninapool #primalqueen#beeforgansupplements #leftcoastperformance #affordableskincare #aff
236,2430,9.71,2024-08-05,@fitness23vanessa,Vanessa Bogenholm,6851,no,https://www.tiktok.com/@fitness23vanessa/video/7399691821170969898,Wow. I can’t say enough about this product.  http://primalqueen.com/FITNESS230VANESSA Prim
235,21100,1.11,2026-05-16,@drew.review1,Drew Review,162900,YES,https://www.tiktok.com/@drew.review1/video/7640287101757558029,Choosing the right kind of iron is very important for proper absorption! #lowiron #irondef
234,31400,0.75,2026-04-21,@leeleesfavfinds,LEE LEE 🌹,75900,no,https://www.tiktok.com/@leeleesfavfinds/video/7631300904683162911,😖 I refuse to drink another chalky supplement… so I switched to this #creatineforwoman #wo
232,22400,1.04,2026-05-22,@prettypickedd,Adrienne ✨🛒,288800,shop-other,https://www.tiktok.com/@prettypickedd/video/7642842968335961358,I have tasted so many other brands but this one is the best  #dealforyoudays #tiktokshopcr
231,110100,0.21,2025-04-03,@the.healthnut,Eunice SAHMX2,6925,YES,https://www.tiktok.com/@the.healthnut/video/7489189305601215790,Grab this Primal Queen deal before it’s gone! Tik Tok deal Tik Tok flash sale #primalqueen
230,22500,1.02,2026-05-16,@drew.review,Drew Reviews,189500,YES,https://www.tiktok.com/@drew.review/video/7640329179988315422,Here’s how to know you are getting the real Primal Queen Marrow rather than a fake! #prima
227,104800,0.22,2025-03-28,@the.healthnut,Eunice SAHMX2,6925,YES,https://www.tiktok.com/@the.healthnut/video/7486908196427320622,Grab this Primal Queen deal before it’s gone! Tik Tok deal Tik Tok flash sale #primalqueen
226,38000,0.59,2024-12-27,@desertmoon25,Desert Moon 25,770,no,https://www.tiktok.com/@desertmoon25/video/7453161241859738910,"My final review of Primal Queen It’s a negative for me, it didn’t do or help anything. Hon"
223,25200,0.88,2025-10-07,@kelly.rebelwhitecoat,PharmD.RebelWhiteCoat,119600,YES,https://www.tiktok.com/@kelly.rebelwhitecoat/video/7558522955425172767,"As a pharmacist, I love seeing real data behind women’s wellness products and this one act"
223,5015,4.45,2026-08-26,@low.iron.living,Low Iron Living,103100,no,https://www.tiktok.com/@low.iron.living/video/7678180211615173918,"Low iron isn’t something we should normalize. If you’re dealing with chronic fatigue, brai"
221,12300,1.8,2025-06-01,@natalierivera599,Talie,40,no,https://www.tiktok.com/@natalierivera599/video/7511097490087824671,#glowinggoddessbeeforgansupplements #primalqueenbeeforgansupplement #glowinggoddess #prima
221,11800,1.87,2026-04-14,@prettypickedd,Adrienne ✨🛒,288800,shop-other,https://www.tiktok.com/@prettypickedd/video/7628459292621901069,I’m so happy I started taking these  #creatinegummies #creatine #primalqueen #tiktokshopcr
217,99100,0.22,2025-07-25,@rebecks17,Rebecca ⚡️,21100,YES,https://www.tiktok.com/@rebecks17/video/7531108809725496606,Dont fall for it! Get the Starter Kit everytime (or atleast while its cheaper then the ref
216,1009,21.41,2025-06-14,@my_scrunchy_nest,Jennifer >< My Scrunchy Nest,7547,YES,https://www.tiktok.com/@my_scrunchy_nest/video/7515768203608329502,#primalqueenera #primalqueensupplements #hormonebalance #hormoneimbalance #wholebodysuppor
215,23000,0.93,2025-04-02,@thatslindseyj,💜Lindsey J@me$0n💜,2482,YES,https://www.tiktok.com/@thatslindseyj/video/7488856753149463838,The experiment has concluded! Lord help me as I get back to normal 😅😂 consistency is key! 
214,1688,12.68,2025-04-30,@cmolloy117,CoffeeWithCassidy,6060,no,https://www.tiktok.com/@cmolloy117/video/7499115629924863278,#fypシ #couragetochange #onedayatatime #sober #read #courage #primalqueen #primalqueenjourn
211,40300,0.52,2026-08-04,@tara_wedlock,Everyday With Tara,13500,YES,https://www.tiktok.com/@tara_wedlock/video/7670293749188021535,Omg 😍👀 #tiktokshopcreatorpicks #primalqueen #pq7 #metabolism #bloating
211,14800,1.43,2026-07-30,@chelchel1110,Chelsey⚡️,107500,YES,https://www.tiktok.com/@chelchel1110/video/7668380280087973133,Moms… go ahead and get mad first. 🤷🏻‍♀️ #primalqueen #beeforgans #womenshealth #tiktokshop
210,13800,1.52,2026-03-10,@proyectobebe,@ProyectoBebé,73500,YES,https://www.tiktok.com/@proyectobebe/video/7615708447899667742,Hoy terminé un ciclo completo usando Primal Queen. Decidí probar estas vitaminas como part
206,1403,14.68,2026-06-16,@stylin_hawaii,🔥🔮stylinhawaii🔮🔥,1405,no,https://www.tiktok.com/@stylin_hawaii/video/7651839704433839391,"“Primal Queen got me feeling like a cavewoman… but a cavewoman with Amazon Prime, Wi-Fi, a"
206,15800,1.3,2026-05-18,@drew.review1,Drew Review,162900,YES,https://www.tiktok.com/@drew.review1/video/7641081067356687630,The science behind knee pain and weather patterns and how to soothe and repair your joints
201,22400,0.9,2025-10-31,@curvefitacademy,CurveFitAcademy,97700,YES,https://www.tiktok.com/@curvefitacademy/video/7567207074191445262,Replying to @DrChrisPharmD hear me out ! Beef organs are the way #primalqueen #tiktokshopb
201,17700,1.14,2025-01-16,@drchrispharmd,DrChrisPharmD,353500,YES,https://www.tiktok.com/@drchrispharmd/video/7460589153856539935,"As a healthcare professional, I focus on the science, not the marketing. Let’s dive into P"
201,47900,0.42,2025-02-11,@natalyamakes,natalyamakes,101300,YES,https://www.tiktok.com/@natalyamakes/video/7470312058186222878,Just got my bottle but I’m excited to see the results! #primalqueen #keto #carnivore #goal
200,89600,0.22,2026-07-29,@primal_queen,Primal Queen,43200,no,https://www.tiktok.com/@primal_queen/video/7668022433605078303,Join the live for free PQ! 🙌 #primalqueen #tiktoklive #freegiveaway
199,42600,0.47,2026-01-20,@the_health_plug,Cory Webster,47100,YES,https://www.tiktok.com/@the_health_plug/video/7597471369068154126,Did I re-order the primal queen supplement after one month?  #primalqueen #primalqueenrevi
199,25400,0.78,2026-08-10,@primal_queen,Primal Queen,43200,no,https://www.tiktok.com/@primal_queen/video/7672396146576198943,PCOS Bangerrrrr 🔥🔥 #PrimalQueen #PCOS #Nutrition #BeefOrgans
196,7764,2.52,2026-05-18,@jstkara,jstkara,1100000,YES,https://www.tiktok.com/@jstkara/video/7641256123114212639,#primalqueen use my code to save!
189,55700,0.34,2025-06-03,@strongmama10,strongmama10 📲,5687,YES,https://www.tiktok.com/@strongmama10/video/7511753442700856622,Replying to @Nicole Smith I hope you like them!! Month 5 for me with primal queen #primalq
187,1989,9.4,2026-05-08,@jenoline,Jenny’s Journey,20100,YES,https://www.tiktok.com/@jenoline/video/7637634157337791775,Primal Queen Vitamins #vitamin #vitamins #supplement #womenhealth #gymgirls @PrimalQueen @
187,7259,2.58,2024-03-18,@pq.founder.shelby,PQ Shelby,1094,no,https://www.tiktok.com/@pq.founder.shelby/video/7347805803438542122,Replying to @KAYLA hope this helps ☺️  Ladies! Interested in trying Primal Queen but have 
186,24700,0.75,2024-05-18,@lifewithmslawanda,Mslawanda | Reviews + Hair,684,no,https://www.tiktok.com/@lifewithmslawanda/video/7370250591911628075,"Solution to low energy, balancing hormones, improving menstrual cycle and overall health f"
186,15900,1.17,2024-09-03,@breewillinspire,Breewillinspire,8795,no,https://www.tiktok.com/@breewillinspire/video/7410551017172929823,Replying to @Wild West Kritterz w/Kc Hope this helps! 💗👑 Its  a carnivore approach to vita
183,14100,1.3,2024-10-16,@heysondie,It’s Sondie,14900,no,https://www.tiktok.com/@heysondie/video/7426185856450366763,"I was going to wait to post this in the morning, but I decided to post this today  I’m exc"
182,109700,0.17,2025-08-30,@strongmama10,strongmama10 📲,5687,YES,https://www.tiktok.com/@strongmama10/video/7544365433495899422,Replying to @Kat 3 pack savings on Primal queen! 👸 #tiktokshopcreatorpicks #primalqueen #t
180,204300,0.09,2026-05-12,@artistzone2,ace,172500,YES,https://www.tiktok.com/@artistzone2/video/7639127026217094430,Only for today!! #tiktokshopcreatorpicks
178,1129,15.77,2026-06-10,@sheriecewebbcampb,Sheriece,100800,YES,https://www.tiktok.com/@sheriecewebbcampb/video/7649556792720067853,#primalqueen #jointcare #mobility #tiktokshopfinds #tiktokshopcreatorpicks @Primal Queen
178,52500,0.34,2025-04-15,@strongmama10,strongmama10 📲,5687,YES,https://www.tiktok.com/@strongmama10/video/7493541794668367134,When a price is this low on primal queen it’s time to stock up! ##WomenSupplements##hormon
177,623,28.41,2024-11-26,@brittanylynnmudd,BrittanyLynnMudd,3003,no,https://www.tiktok.com/@brittanylynnmudd/video/7441662407006522666,Lets get ready for the day 🥰#primalqueen #primalqueenera @Primal Queen
175,1107,15.81,2026-08-24,@sheriecewebbcampb,Sheriece,100800,shop-other,https://www.tiktok.com/@sheriecewebbcampb/video/7677472021038632205,#primalqueen #creatine #energy #Summervibes #tiktokshopcreatorpicks @Primal Queen
174,8146,2.14,2025-10-12,@delilahdaily83,Strong Beauty Nutrition,3229,YES,https://www.tiktok.com/@delilahdaily83/video/7560483608146873631,This is what happened when I took Primal Queen Beef Organs #primalqueen #hormones #ladies 
171,17900,0.96,2026-05-07,@prettypickedd,Adrienne ✨🛒,288800,shop-other,https://www.tiktok.com/@prettypickedd/video/7637169170538335501,"Thank goodness for these, they final made my booty pop #tiktokshopcreatorpicks #tiktokshop"
168,10200,1.65,2025-03-30,@bbeverly1004,Brittany,2213,no,https://www.tiktok.com/@bbeverly1004/video/7487685881101372715,@Primalqueenusa   honest review from a non influencer  #fyp #beeforgansupplements #hormone
165,74400,0.22,2026-08-07,@primal_queen,Primal Queen,43200,no,https://www.tiktok.com/@primal_queen/video/7671384923588136222,Join the live for free gifts!! #primalqueen #freegiveaway #tiktoklive
162,9359,1.73,2025-11-05,@carolinnastuart,CarolinnaStuart,157600,YES,https://www.tiktok.com/@carolinnastuart/video/7569290476013063454,"El mejor suplemento Femenino, Primal Queen #primalqueen #womensupplements #hormones #tikto"
162,965,16.79,2026-04-19,@raeann12042,Rachel’s Tt Shop Review Page,36200,YES,https://www.tiktok.com/@raeann12042/video/7630297732372024589,I have been taking primal queen now for 21 days and I can tell you the difference is amazi
160,9274,1.73,2025-10-14,@julias.finds_,julias.finds_,28300,YES,https://www.tiktok.com/@julias.finds_/video/7561152684074618143,High quality protein is essential to function properly 🙌    #protein #primalqueen #primalq
159,10700,1.49,2026-05-21,@drew.review,Drew Reviews,189500,YES,https://www.tiktok.com/@drew.review/video/7642191660260134157,"Bone marrow is rich in nutrients, growth factors, collagen precursors, and so much more, s"
159,1205,13.2,2025-12-21,@photokiller88,KJ❌💜UGC,8865,YES,https://www.tiktok.com/@photokiller88/video/7586409224758906142,@Primal Queen #PrimalQueen #femalevitality #AncestralNutrition #horomonesupport #rootedinn
156,9015,1.73,2026-07-02,@prettypickedd,Adrienne ✨🛒,288800,shop-other,https://www.tiktok.com/@prettypickedd/video/7657700533947387149,Make sure to drink your water while on it  #tiktokshopcreatorpicks #summerwins #dealsforyo
155,1880,8.24,2025-07-30,@these_3_remain,☀️Lucy Sunshine☀️,3534,no,https://www.tiktok.com/@these_3_remain/video/7532989144016932109,#primalqueensupplements#primalqueen#supplementsthatwork#healthyliving#healthylifestylechan
155,7136,2.17,2025-03-08,@earthto.kam,✨kameron,102600,shop-other,https://www.tiktok.com/@earthto.kam/video/7479449340038188331,Replying to @🌿kameron✨ “where’s the update” gURL THERE ISNT ONE I STOPPED TAKING IT 😂💚 #pr
153,5479,2.79,2024-07-01,@avocandreatoast,andrea,15100,no,https://www.tiktok.com/@avocandreatoast/video/7386650330827656479,"Replying to @jas 💋 took beef organs consistently for 3 weeks and noticed better digestion,"
152,3463,4.39,2026-01-12,@mandybowers123123,mandybowers123123❌,197100,YES,https://www.tiktok.com/@mandybowers123123/video/7594610711737666830,Primal Queen 👑 #primalqueen #womenshealth #selfcareroutine #healthylifestyle
150,8531,1.76,2026-01-27,@becomingbeautyover40,becomingbeautyover40,2526,no,https://www.tiktok.com/@becomingbeautyover40/video/7600178367320640798,Back in stock 🤍 This one focuses on ingredients that support blood sugar and appetite sign
150,8882,1.69,2026-06-20,@shopping_with_queen,Shopping with Queen,23600,YES,https://www.tiktok.com/@shopping_with_queen/video/7653600511878303007,I was influenced #primalqueen #middleaged #shoppingwithqueen
149,42000,0.35,2025-10-28,@strongmama10,strongmama10 📲,5687,shop-other,https://www.tiktok.com/@strongmama10/video/7566297692268236063,TikTok shop exclusive primal queen and goddess creatine bites #primalqueen #goddessbites #
149,44400,0.34,2026-01-30,@tara_wedlock,Everyday With Tara,13500,YES,https://www.tiktok.com/@tara_wedlock/video/7601011662572834079,Never going back 😡 #PrimalQueen #BeefOrgans #FemaleHormones #HormoneHealth #WomensHealth
147,778,18.89,2026-08-06,@kaitlynlilley,Kait | SAHM | UGC creator 🩵,4217,no,https://www.tiktok.com/@kaitlynlilley/video/7671043941642325279,thank you so much to @Primal Queen for sending me this package 😊 Use https://www.primalque
146,8514,1.71,2024-03-29,@pq.founder.shelby,PQ Shelby,1094,no,https://www.tiktok.com/@pq.founder.shelby/video/7351854235018956074,What to expect from taking Primal Queen after 2 months of use 😌 #primalqueen #health #wome
146,5699,2.56,2024-08-06,@mia_healthjourney,mia,773,no,https://www.tiktok.com/@mia_healthjourney/video/7399823829469547807,Replying to @Hannah animals are amazing creatures and im so grateful for them 🥹 #beeforgan
144,26200,0.55,2024-11-26,@thatslindseyj,💜Lindsey J@me$0n💜,2482,YES,https://www.tiktok.com/@thatslindseyj/video/7441670460636417326,"Natural remedy for Hormone imbalance!  Say bye to hot flashes, bloating, pain, heavy perio"
143,8948,1.6,2025-06-16,@lifewithmarylouwho,Mary De Luna,5774,YES,https://www.tiktok.com/@lifewithmarylouwho/video/7516625340547026218,Restock @PrimalQueen with me and let’s talk about my first month results!  #primalqueen #b
142,11300,1.26,2025-03-26,@tiellearay,tielle🪴,108100,YES,https://www.tiktok.com/@tiellearay/video/7486191659936386335,Replying to @Fabiola Carrington
139,16400,0.85,2025-05-20,@itsjaneris,itsjaneris,41800,YES,https://www.tiktok.com/@itsjaneris/video/7506567659354328350,Replying to @Sunshynne 203 Primal Queen 3 month update. #primalqueen #Tiktokshopmemorialda
137,25900,0.53,2025-08-12,@angiemftag,Angiemftag,34900,YES,https://www.tiktok.com/@angiemftag/video/7537735167998201119,Replying to @HealLikeAQueen #primalqueen #women #supplements #olebrandselect #womenshealth
137,18900,0.72,2026-06-02,@prettypickedd,Adrienne ✨🛒,288800,shop-other,https://www.tiktok.com/@prettypickedd/video/7646774014802660622,"Girl, if you’re trying to grow these glutes, make sure you add this #tiktokshopcreatorpick"
135,167800,0.08,2025-10-22,@calikellydeals,Cali Kelly,9986,YES,https://www.tiktok.com/@calikellydeals/video/7564092031795023159,Limited time only flash sale! #tiktokshopblackfriday #tiktokshopcybermonday #resultsmayvar
135,948,14.24,2026-05-12,@sheriecewebbcampb,Sheriece,100800,YES,https://www.tiktok.com/@sheriecewebbcampb/video/7638854866600774926,#primalqueen #jointhealth #mobility #Summervibes #tiktokshopcreatorpicks
133,7747,1.72,2025-03-03,@purelywellbeing,purelywellbeing,13900,no,https://www.tiktok.com/@purelywellbeing/video/7477712682687204651,Replying to @Ani B hope this is helpful ! ❤️ #beeforgans #beefliver #anemic #anemia #welln
132,21500,0.61,2024-09-19,@25off_marissa63833,25off_marissa63833,138,no,https://www.tiktok.com/@25off_marissa63833/video/7416454803779243271,"Why is everyone going gaga over this Beef Organ supplement called Primal Queen? Well, afte"
130,3622,3.59,2025-01-17,@accountabilitybestie,accountabilitybestie,60000,no,https://www.tiktok.com/@accountabilitybestie/video/7461035421414247722,#howtocarnivore #carnivore #carnivorediet #carnivorewomen #blackcarnivore @Primal Queen  @
129,1330,9.7,2026-04-24,@seasaltandmagic,✨🌊 | Mom Wellness & Lifestyle,11500,YES,https://www.tiktok.com/@seasaltandmagic/video/7632112826806586654,I used to never know when my period was coming… now it shows up like clockwork. I didn’t r
129,4449,2.9,2025-05-15,@slayrl4,Just a Midwest Lady 💫,2157,YES,https://www.tiktok.com/@slayrl4/video/7504639217755131182,Mood swings? Low energy? It might be your hormones… Primal Queen is designed to get your h
129,27200,0.47,2025-02-14,@kaylarenhome,KaylaRen | Home Pro,15800,YES,https://www.tiktok.com/@kaylarenhome/video/7471342999213985054,The benefits of beef organs from @Primal Queen are endless but they start within the first
128,12500,1.02,2026-05-09,@drew.review,Drew Reviews,189500,YES,https://www.tiktok.com/@drew.review/video/7638031569055190285,Replying to @Connie.Cee you’re getting a great deal with this bundle I love primal queen s
128,19100,0.67,2025-12-13,@the_health_plug,Cory Webster,47100,YES,https://www.tiktok.com/@the_health_plug/video/7583439881632845069,Replying to @jillryne  Primal queen journey day 1 🙌🏻   for those of you have been followin
127,31300,0.41,2024-12-21,@melrein82,Maggie Sue & Golden Doodle,15900,YES,https://www.tiktok.com/@melrein82/video/7450995196910701867,Replying to @Tiffani Unlock your health with Primal Queen Beef Supplement! Packed with ess
126,568,22.18,2026-08-21,@sindyrivas18,￴￴￴ ￴￴Sindy Rivas,61200,YES,https://www.tiktok.com/@sindyrivas18/video/7676632653730188557,@Primal Queen #metabolism #debloat #energy #womensupplements #summerwins
126,10900,1.16,2026-05-07,@cleanbritchesllc,Destin✨| MOM+LIFE+FITNESS,108200,YES,https://www.tiktok.com/@cleanbritchesllc/video/7636972005366992158,"This can’t be normal! That’s why my cabinet will be stocked with @PrimalQueen Marrow, for "
126,3269,3.85,2026-08-07,@sissysscriblesnbibbles,Sissys Scribbles N Bibbles,70400,no,https://www.tiktok.com/@sissysscriblesnbibbles/video/7671390433821478158,Primal Queen has changed my life for the better and I’ll never look back. #fypシ゚viral #fyp
124,5380,2.3,2025-09-30,@cutlikeagem,GEM 💎 MOM FITNESS & FINDS,56700,YES,https://www.tiktok.com/@cutlikeagem/video/7555953813090241805,The only supplement I feel like is actually helping me during postpartum  #primalqueen #pr
123,144200,0.09,2026-04-20,@christy.asmr,christy.asmr,11200,YES,https://www.tiktok.com/@christy.asmr/video/7630906872962354463,"dropping DEALS right now 🤩 *Disclaimer: Prices, sales, gifts, coupons, promo codes, discou"
123,45400,0.27,2024-10-18,@momaj222,Blessed_isMe222,2225,YES,https://www.tiktok.com/@momaj222/video/7427261234052959531,Primal Queens beef organ freeze dried capsules have an adundance in vitamins and superfood
121,18200,0.66,2025-01-03,@itsjaneris,itsjaneris,41800,YES,https://www.tiktok.com/@itsjaneris/video/7455828397244140830,If eating beef ovaries and uterus isn’t in the plans for today but you’re mood isn’t stabl
121,2785,4.34,2024-11-20,@purelywellbeing,purelywellbeing,13900,no,https://www.tiktok.com/@purelywellbeing/video/7439469913439325482,Replying to @L_68_M it was my last resort honestly lol  #beeforgans #beefliver #anemic #an
120,7217,1.66,2025-07-15,@snowypinehomestead,Alex 🌲Snowy Pine Homestead 🌲,35100,YES,https://www.tiktok.com/@snowypinehomestead/video/7527443423423401271,"✨ 5 Reasons I Take Primal Queen Beef Organs ✨ 	1.	Liver = natural multivitamin (Vit A, B12"
120,48900,0.25,2025-04-27,@mama_raych,💕That Girl Mama Raychell💕,43100,YES,https://www.tiktok.com/@mama_raych/video/7498010798468517163,If you’re not taking @PrimalQueen you’re missing out! Primal Queen beef organs has changed
119,16200,0.73,2025-08-05,@mama_raych,💕That Girl Mama Raychell💕,43100,YES,https://www.tiktok.com/@mama_raych/video/7535161587888377143,@PrimalQueen @Primalqueenusa @PrimalQueenSociety #primalqueen #scam #beeforgans #womenssup
119,33600,0.35,2024-12-15,@sarahsayslisten,sarah | ♡ | michigan mom,5706,YES,https://www.tiktok.com/@sarahsayslisten/video/7448703877672750366,Unbiased Review of Primal Queen Beef Organs 🥩✨ #primalqueen #beeforgans #primal #queen #re
117,1473,7.94,2026-03-06,@naomiporras03,Naomi🫶🏻momma of 3💙🩷💙,7544,YES,https://www.tiktok.com/@naomiporras03/video/7614234486816935198,Unboxing my Primal Queen PR package and I'm OBSESSED😍😍😍 Thank you @Primal Queen Primal que
115,1760,6.53,2026-03-13,@karrotd420,Karrot 🥕,178,no,https://www.tiktok.com/@karrotd420/video/7616609081087888653,I’m about to start #primalqueen in a few days. Pretty excited! Stay tuned! Also here’s a c
113,3340,3.38,2025-07-24,@niiknackxo,NiikNack,54600,YES,https://www.tiktok.com/@niiknackxo/video/7530633950461512973,Replying to @Josh Alley it’s crazy how different I have felt this last month. I barely fee
113,6835,1.65,2026-05-20,@drew.review1,Drew Review,162900,YES,https://www.tiktok.com/@drew.review1/video/7642053935322221837,Which nutrients are great for supporting joint health and repair! #jointhealth #kneepain #
113,1384,8.16,2024-10-11,@krystalynjackson,krystalynjackson,6852,no,https://www.tiktok.com/@krystalynjackson/video/7424528245330054442,"Beef Organs? What?! This supplement has literally changed my life! No more bloating, no mo"
113,7702,1.47,2024-12-24,@thepunkrockhippyunicorn,Hippy Chick Farms,6112,YES,https://www.tiktok.com/@thepunkrockhippyunicorn/video/7451873256845479210,Started at 230 took a bit but now at 140- 90 pounds down 💕 #virgointherapy #weightlossjour
112,9028,1.24,2025-09-20,@mamamoorecreates,mamamoorecreates,6370,no,https://www.tiktok.com/@mamamoorecreates/video/7552159964953988382,"Primal Queen’s creatine Goddess Bites are ON SALE right now!! Run, don’t walk because it w"
112,15100,0.74,2026-01-16,@justbejewels,Jewels Maben 💎,400900,YES,https://www.tiktok.com/@justbejewels/video/7596062544322743566,@Primal Queen I have questions for you… many.. to be honest. Because- wow. #healthjourney 
109,1726,6.32,2026-07-10,@roswellalien,Danielle | Work & Life ❤️,5868,no,https://www.tiktok.com/@roswellalien/video/7660720692354223390,Supplements for women that other brands just completely miss! @Primal Queen  -link on my p
109,935,11.66,2026-06-02,@sheriecewebbcampb,Sheriece,100800,shop-other,https://www.tiktok.com/@sheriecewebbcampb/video/7646616079371930894,#primalqueen #creatine #womenscreatine #Summervibes #tiktokshopcreatorpicks @Primal Queen
108,26800,0.4,2025-08-16,@savannahxraeee,SAVANNUH,36100,YES,https://www.tiktok.com/@savannahxraeee/video/7539057809925737759,"I no longer dread my period cause of @Primal Queen✨ No more heavy bleeding for 5/6 days, c"
108,3313,3.26,2026-07-18,@gretch13,Gretchan Schoop❌,3030,no,https://www.tiktok.com/@gretch13/video/7663783131765296397,https://www.primalqueen.com/GRETCHAN42902 @Primal Queen  #hormonebalance #womenshealth #or
108,6162,1.75,2026-05-18,@drew.review1,Drew Review,162900,YES,https://www.tiktok.com/@drew.review1/video/7641022949645880589,How to take the primal queen marrow joint support supplement! #primalqueennewarrivals #pri
107,1107,9.67,2026-06-18,@sheriecewebbcampb,Sheriece,100800,YES,https://www.tiktok.com/@sheriecewebbcampb/video/7652542755956198670,#primalqueen #primalqueensupplements #beeforgans # #tiktokshopdealsforyoudays #tiktokshopc
106,6097,1.74,2025-02-19,@delmylaprofe,Delmy,733000,YES,https://www.tiktok.com/@delmylaprofe/video/7472945222415125806,Primal Queen vitamins. #primalqueen #primalqueensupplements #primalqueenresults
106,2599,4.08,2024-02-19,@pq.founder.shelby,PQ Shelby,1094,no,https://www.tiktok.com/@pq.founder.shelby/video/7337433318301945131,sorry im in my healthy girl era ✨  #healthy #healthygirl #nightroutine #selfcare #selfcare
105,303,34.65,2026-08-04,@lifeofmamajenn,Jenn 🌷,2804,no,https://www.tiktok.com/@lifeofmamajenn/video/7670260579487059230,I am so excited to try these out 🫶🏼 I’m a newbie 😙🤏🏼 just tried these out and hold I feel 
105,1763,5.96,2025-12-10,@health.with.ash,Ashlee I PMOS Dietitian🩷,125700,no,https://www.tiktok.com/@health.with.ash/video/7582368295915932958,Full day of eats as a dietitian 🫶🏼  #wieiad #highproteinmeals #fulldayofeats #wholefood #p
105,7622,1.38,2026-05-19,@drew.review1,Drew Review,162900,YES,https://www.tiktok.com/@drew.review1/video/7641727542306540813,Chronic NSAIDs use is linked to joint health issues and here is why plus what are alternat
105,4426,2.37,2024-11-13,@purelywellbeing,purelywellbeing,13900,no,https://www.tiktok.com/@purelywellbeing/video/7436872556394581294,I dont bleed as heavy anymore either..but what really bothered me was the cramps honestly 
104,12400,0.84,2026-02-16,@proyectobebe,@ProyectoBebé,73500,YES,https://www.tiktok.com/@proyectobebe/video/7607510562515275038,Parte de mi rutina diaria ✨ Me gusta cuidar mi cuerpo desde adentro y ser constante con lo
104,7834,1.33,2026-03-11,@natural_minded_mama,Kasi DeStefano,176700,YES,https://www.tiktok.com/@natural_minded_mama/video/7616122654529015054,I’m all about being honest because lying to people is setting them up for disappointment a
103,1839,5.6,2026-07-13,@roswellalien,Danielle | Work & Life ❤️,5868,YES,https://www.tiktok.com/@roswellalien/video/7662027412770737438,Take your daily Marrow vitamins ladies from @Primal Queen!! Created by a woman for women!!
103,3363,3.06,2025-07-10,@theonlystarlee,Starlee | Mom Finds,8701,YES,https://www.tiktok.com/@theonlystarlee/video/7525546995709267255,The supplement that tops them all is on sale! #primalqueen #beeforgans #womenshealth #supp
103,11300,0.91,2024-10-06,@linzibcochran,Linzi with a Z✌🏼,19600,YES,https://www.tiktok.com/@linzibcochran/video/7422466787956067614,Beef Organ supplements!🐄 These have so many great benefits!!🤍 #primalqueen #primalqueensup
101,71800,0.14,2025-03-17,@raisingarrowstexas,Courtney | RaisingArrowsTx,6096,YES,https://www.tiktok.com/@raisingarrowstexas/video/7482899388952595754,Limited time coupon and sale on Primal Queen starter sets!!! #springtok #keto #carnivore #
101,13300,0.76,2026-02-07,@thedoctorincowgirlboots,TheDoctorInCowgirlBoots,10800,YES,https://www.tiktok.com/@thedoctorincowgirlboots/video/7603967607879879966,Don’t eat this!!! #contentcreator #motherhood #PrimalQueen #womenssupplements #beeforgans
99,20000,0.49,2025-02-21,@its.sarah.taylor,Sarah Taylor 🤎,18500,YES,https://www.tiktok.com/@its.sarah.taylor/video/7473872599320120618,@Primal Queen just earned a forever spot in my cabinet.  #primalqueen #beef #beefliver #be
99,8413,1.18,2026-03-14,@the_health_plug,Cory Webster,47100,no,https://www.tiktok.com/@the_health_plug/video/7616916222126361869,"Primal queen, giveaway winner announcement!  #ttc"
99,3715,2.66,2024-12-02,@purelywellbeing,purelywellbeing,13900,no,https://www.tiktok.com/@purelywellbeing/video/7443943628306795822,Replying to @jetinc222 i stopped taking mine #beeforgans #beefliver #anemic #anemia #welln
98,861,11.38,2026-01-02,@allthingsmikita0,allthingsmikita,9344,no,https://www.tiktok.com/@allthingsmikita0/video/7590592859745602847,Primal Queen vitamins are really helping with menopause symptoms! I’m not an orange cart g
97,86800,0.11,2025-08-06,@calikellydeals,Cali Kelly,9986,YES,https://www.tiktok.com/@calikellydeals/video/7535619511521643806,"The girls who know, never run out. Primal Queen refill packs on sale NOW. Limited time onl"
96,1479,6.49,2025-04-25,@laterical.missfun,laterical.missfun40,70,no,https://www.tiktok.com/@laterical.missfun/video/7497050936733453610,"Wanted to try this out! Heard some great reviews about it. Day 1 - have had more energy, n"
96,2209,4.35,2026-05-21,@diary.of.nks_,N K S 🪽🦋🫧,2763,no,https://www.tiktok.com/@diary.of.nks_/video/7642496419948973343,All about the supplements I take to increase my ferritin! #lowferritin #ferritin @MaryRuth
94,5226,1.8,2026-07-19,@ky_mom_swag,Brittany Mitchell,951700,YES,https://www.tiktok.com/@ky_mom_swag/video/7664026225408593182,Have y’all tried it? I can’t wait to see what this does for me. I’ve heard so many good th
94,2734,3.44,2024-12-30,@kaylafensty,Kayla 💖🎀,39000,no,https://www.tiktok.com/@kaylafensty/video/7454279999621713183,@Primal Queen My beef organ women based supplement came in & I’m so excited!! Y’all stay t
93,904,10.29,2026-02-25,@kadiem84,Kadijah✨,9839,YES,https://www.tiktok.com/@kadiem84/video/7610913808948727054,"I don’t gatekeep what actually works. 3 weeks in and I’m locked in. If you’ve been tired, "
93,55100,0.17,2025-10-07,@shopwithkellie,Kellie chaos 2739,10000,shop-other,https://www.tiktok.com/@shopwithkellie/video/7558362379650698527,#primalqueen #creatinegummies 30+ Women 40+women  Trending Products Must haves Flash Sale 
93,15100,0.62,2024-11-14,@melrein82,Maggie Sue & Golden Doodle,15900,YES,https://www.tiktok.com/@melrein82/video/7437217324576279850,👑💅🏼Unlock your health with Primal Queen Beef Supplement! Packed with essential nutrients t
92,8802,1.05,2026-05-10,@drew.review1,Drew Review,162900,YES,https://www.tiktok.com/@drew.review1/video/7638348005212556557,"Beef organs are not just hype, they are LOADED with insane nutrition that women are usuall"
92,48900,0.19,2026-01-23,@highvibeintuition,✨Andrea✨,47900,YES,https://www.tiktok.com/@highvibeintuition/video/7598678602942631199,Now is the perfect time to lock in my queens! Be sure to take advantage of this offer befo
92,54200,0.17,2026-03-17,@highvibeintuition,✨Andrea✨,47900,YES,https://www.tiktok.com/@highvibeintuition/video/7618120791401532702,Take a moment to check this out and see what’s showing up on your end!! If you’re seeing t
92,18300,0.5,2024-12-02,@melrein82,Maggie Sue & Golden Doodle,15900,YES,https://www.tiktok.com/@melrein82/video/7443963183045594414,Replying to @Ana Stella @Primal Queen #primalqueen #beeflivergrassfedbeef #beeforgansupple
91,14700,0.62,2025-07-12,@bluejeansdaily,⚜️🪿ｂｌｕｅ ｊｅａｎｓ🪿⚜️,20900,YES,https://www.tiktok.com/@bluejeansdaily/video/7526232182986214670,"Postpartum brain fog? Hormones all over the place? Same, girl. This Primal Queen box was m"
91,4984,1.83,2025-07-25,@kymieann1,Kymie Ann,112500,YES,https://www.tiktok.com/@kymieann1/video/7531121383657458999,Beef organ supplements #beeforgans #beeforgansupplements #supplements #energy
90,608,14.8,2026-02-16,@jenniferb936,Mama Jennifer,10100,YES,https://www.tiktok.com/@jenniferb936/video/7607491260252704013,🔥 Fuel Your Body the Natural Way with Primal Queen Beef Organ Supplement 🔥 Experience the 
89,2292,3.88,2026-05-12,@itsbrittanyrenea89,itsbrittanyrenea89,5843,YES,https://www.tiktok.com/@itsbrittanyrenea89/video/7639000017386147103,"Day 1 of my Primal Queen journey 👑✨ Trying to feel better, get my energy back, balance my "
89,19600,0.45,2026-02-25,@highvibeintuition,✨Andrea✨,47900,YES,https://www.tiktok.com/@highvibeintuition/video/7610664014854540574,After trying everything for my chaotic cycle… This is what I’ve stuck with! 🤌🏼✨ **results 
89,19200,0.46,2024-10-17,@linzibcochran,Linzi with a Z✌🏼,19600,YES,https://www.tiktok.com/@linzibcochran/video/7426890569592360223,Primal Queen Beef Organ Supplement Updated Review!🤓👏🏼 I have noticed a difference!! #prima
89,3281,2.71,2024-11-09,@purelywellbeing,purelywellbeing,13900,no,https://www.tiktok.com/@purelywellbeing/video/7435372733191540010,Replying to @JCBalloonHTX i hope this helps #beeforgans #beefliver #anemic #anemia #wellne
88,84500,0.1,2026-05-22,@syntrachart,syntrachart,6288,YES,https://www.tiktok.com/@syntrachart/video/7642771310594084110,"Complete wellness bundle for beauty, strength, and daily support 💖 #WellnessRoutine #Suppl"
88,5829,1.51,2025-10-23,@julias.finds_,julias.finds_,28300,YES,https://www.tiktok.com/@julias.finds_/video/7564554409439431967,"Nothing fancy, just real ingredients that make me feel good. 💅🏼    #protein #primalqueen #"
88,1176,7.48,2025-08-17,@that90sguuurl,🧿🍉that90sgurl🍉🇭🇷🇧🇦🧿,29600,no,https://www.tiktok.com/@that90sguuurl/video/7539482678349860109,Beef organs have changed my life ! #primalqueensupplements #beeforgans
88,23400,0.38,2026-05-12,@christy.asmr,christy.asmr,11200,YES,https://www.tiktok.com/@christy.asmr/video/7639146751097703710,crazy DEALS today #tiktokshopcreatorpicks #summervibes #tiktokshopmothersday #tiktokshopme
87,12600,0.69,2025-01-10,@cindellkimbrough,Cindell | Lived-in Life,190300,YES,https://www.tiktok.com/@cindellkimbrough/video/7458321521824582943,"If you want to try it with me, the link is above 👆 🤣 #forscience #beeforgans #hormonehealt"
86,2373,3.62,2025-09-24,@ketobeastbeauty,Ketobeastbeauty,1507,no,https://www.tiktok.com/@ketobeastbeauty/video/7553767554200784142,"💥 QUEEN TIP: Your hormones called... they want nutrients, not nonsense. 👑 Primal Queen’s B"
86,2248,3.83,2025-01-18,@purelywellbeing,purelywellbeing,13900,no,https://www.tiktok.com/@purelywellbeing/video/7461302617080335662,And my ferritin levels increased to 41 a month after my iron jumped!! 🥹 #greenscreen #gree
86,19800,0.43,2024-11-29,@drchrispharmd,DrChrisPharmD,353500,YES,https://www.tiktok.com/@drchrispharmd/video/7442776548920364330,"Replying to @rooted.in.health 🥩 Organ meats are nature’s multivitamin! Packed with Iron, V"
85,26400,0.32,2025-08-13,@its.sarah.taylor,Sarah Taylor 🤎,18500,YES,https://www.tiktok.com/@its.sarah.taylor/video/7538097424154381598,@Primal Queen has changed the game - honest review primal queen #primalqueensupplements #p
85,12600,0.67,2026-08-10,@amandabridges90,Amanda-Leigh Collective,49700,YES,https://www.tiktok.com/@amandabridges90/video/7672134469666491678,@Primal Queen is the one I keep going back to! #primalqueen #supplement #tiktokshopcreator
84,23900,0.35,2024-12-11,@drchrispharmd,DrChrisPharmD,353500,YES,https://www.tiktok.com/@drchrispharmd/video/7447004172110564638,"Replying to @cattlecubemafia 👑✨ Looking for a supplement with Vitamin A, iron, and folate "
83,3766,2.2,2026-04-29,@watchmegetripped,Carlylembo❤️‍🩹ILOST300pounds,70600,YES,https://www.tiktok.com/@watchmegetripped/video/7634169599772134686,The new @Primal Queen #marrow is dropping this week. Grab it in my shopping cart before it
83,11200,0.74,2025-10-03,@watchmegetripped,Carlylembo❤️‍🩹ILOST300pounds,70600,YES,https://www.tiktok.com/@watchmegetripped/video/7556951691921263902,"✨ Forget needles. Forget $5,000 spa treatments. Taking Primal Queen daily is like giving y"
83,440,18.86,2024-11-19,@itscasswhite,💙 Cass  | Maternal Strategist,25900,YES,https://www.tiktok.com/@itscasswhite/video/7438799233706298670,#CapCut @Primalqueenusa #pmdd #pcos #perimenopause @Primal Queen
82,2854,2.87,2025-02-14,@jennamoore02,Jenna Moore,514,no,https://www.tiktok.com/@jennamoore02/video/7471354429980282158,Today marks the beginning of my Primal Queen journey! I’m dedicating this year to transfor
82,714,11.48,2025-03-08,@primalqueenss,primalqueenss,39,no,https://www.tiktok.com/@primalqueenss/video/7479463364406611206,"✨ Hoy es el Día de la Mujer, pero la celebración más importante es la que te das a ti mism"
82,4883,1.68,2026-04-03,@askthemomnutritionist,rachel,16,no,https://www.tiktok.com/@askthemomnutritionist/video/7624505350678449421,"Brands she recommmds instead:  I’ve been getting a lot of adds for primal queen, so I aske"
82,13000,0.63,2024-05-30,@lizzypim,Ely Pimentel,46300,no,https://www.tiktok.com/@lizzypim/video/7374922974664690950,Suplementos para mujeres que si funcionan. Comencé a tomarme estas pastillas hace un mes y
81,9720,0.83,2025-08-22,@chaotic.homemaking,Chelle | TTS,2639,YES,https://www.tiktok.com/@chaotic.homemaking/video/7541236587170925879,True story 😅 (i have an IUD 😆) #menstralcycle #hormonesupport #primalqueen #beeforgans
81,3291,2.46,2025-01-21,@scentfromheaven12,Scent ✨from ✨Heaven,16400,YES,https://www.tiktok.com/@scentfromheaven12/video/7462458263775284523,"Don’t hesitate you will not be disappointed in this, best thing I’ve tried for my wellness"
81,1007,8.04,2026-07-18,@_kuwprincess.jasmine,_kuwprincess.jasmine,2219,no,https://www.tiktok.com/@_kuwprincess.jasmine/video/7663694070455242015,Ladies Free Game💪🏻✨🧿 #fyp #dfw #girlswholift #gymgirl #girlssupportgirls @Physician’s Choi
80,1193,6.71,2026-03-28,@kj.socials,Kori Jae | UGC creator,12300,no,https://www.tiktok.com/@kj.socials/video/7622148208675917087,I’m really loving the results I’m seeing with the @Primal Queen beef organ supplements. I 
79,1004,7.87,2025-08-19,@lovelaughlive0160,Heather_K,10500,YES,https://www.tiktok.com/@lovelaughlive0160/video/7540431272829652255,👑 A supplement made from organs?! Here’s the tea on Primal Queen… “Energy ⚡ Mood 💕 Hormone
79,6124,1.29,2026-07-01,@prettypickedd,Adrienne ✨🛒,288800,shop-other,https://www.tiktok.com/@prettypickedd/video/7657697858824490254,These have helped my glute fullness during my cut  #tiktokshopcreatorpicks #summerwins #de
79,4879,1.62,2025-09-18,@magickalgoddess17,LilithsChaos🖤,23300,YES,https://www.tiktok.com/@magickalgoddess17/video/7551524901341990158,Supplements for women! Start your Primal Queen journey today! #primalqueen #primalqueensup
79,18200,0.43,2025-01-13,@maggienorzow,Maggie Norzow,82500,YES,https://www.tiktok.com/@maggienorzow/video/7459483237409197342,"Beef organ supplements have been a game changer for my heavy periods, cramping, and low en"
78,22100,0.35,2026-08-14,@shaybaexo1,Shaybaexo,82900,shop-other,https://www.tiktok.com/@shaybaexo1/video/7673873941529709854,We’re getting those steps in today 😳 #creatine #primalqueen #morningroutines
78,4512,1.73,2025-09-16,@daya_diaz_11,daya_diaz_11,61100,no,https://www.tiktok.com/@daya_diaz_11/video/7550833318078450951,"👑✨ Primal Queen llegó a mi rutina de bienestar… y wow, la diferencia se siente. Estos supl"
77,12300,0.63,2025-05-01,@britbrit1021,Brit,335,no,https://www.tiktok.com/@britbrit1021/video/7499444138178366750,primal queen negative review #primalqueensupplements #hormonesupport #help #fyp
77,2108,3.65,2025-09-22,@rasmag18,Alexa Kleikamp TT Hype Woman,180300,YES,https://www.tiktok.com/@rasmag18/video/7552983403428089119,I will continue to share this product every single day until you try it because when I tel
77,955,8.06,2025-08-21,@hey.itscheryll,hey.itscheryll,12200,YES,https://www.tiktok.com/@hey.itscheryll/video/7540862676063309070,"✨ Three months in with @PrimalQueen and I feel unstoppable. Strong, confident, and channel"
76,454,16.74,2025-12-17,@lifestylebydianaxo,LifestylebyDiana,17200,no,https://www.tiktok.com/@lifestylebydianaxo/video/7584641352600653111,Officially in my gym girl eraaaa again!! I think I’ll be doing more vlogs styles 🥹🤍💪🏾  Che
75,5629,1.33,2026-05-03,@chelchel1110,Chelsey⚡️,107500,YES,https://www.tiktok.com/@chelchel1110/video/7635725189921180941,I genuinely thought all of this was just part of getting older 😩 @Primal Queen #primalquee
75,5629,1.33,2026-04-26,@cleanbritchesllc,Destin✨| MOM+LIFE+FITNESS,108200,YES,https://www.tiktok.com/@cleanbritchesllc/video/7633185834484763935,"That morning walk of shame hits different after 35… bc of JOINT PAIN, not fun! @PrimalQuee"
74,1816,4.07,2026-04-22,@thismamasonamission,Mama on a Mission,50300,YES,https://www.tiktok.com/@thismamasonamission/video/7631573483641687326,The TikTok sample got me on this one and I kept going. I take @Primal Queen every day and 
74,9205,0.8,2026-06-12,@chelchel1110,Chelsey⚡️,107500,YES,https://www.tiktok.com/@chelchel1110/video/7650592086491794701,"Low iron girlies, wya? When I say @Primal Queen changed things for me, I 100% mean that. A"
74,8416,0.88,2025-01-12,@the_keto_dealer,The Keto Dealer 🖤,86800,no,https://www.tiktok.com/@the_keto_dealer/video/7458918830518127914,Ladies… This is your sign to give female- focused beef organs a try! Learn more at the fir
74,14300,0.52,2026-05-28,@lmwilson1029,HeyLaurenW⭐️,2611,YES,https://www.tiktok.com/@lmwilson1029/video/7644767367066602783,My very honest review of @Primal Queen beef organ supplements. I’m two weeks in and not lo
74,3095,2.39,2025-10-06,@kats_a_bamf,kitty 💖,1534,no,https://www.tiktok.com/@kats_a_bamf/video/7558128896642731295,Its one thing to claim that a specific food source is sacred or has spiritual significance
74,425,17.41,2026-05-28,@esthermaria.s,𝑴𝒂𝒓𝒊𝒂 𝑬𝒔𝒕𝒉𝒆𝒓,5525,no,https://www.tiktok.com/@esthermaria.s/video/7645060944359329038,"I swear I have better energy, I am less bloated & things are MOVING! I have only been taki"
74,4141,1.79,2024-12-05,@wearbead,Wear Bead,26700,YES,https://www.tiktok.com/@wearbead/video/7445051073972276523,#duet with @purelywellbeing #greenscreen #PrimalQueenSupplements #BeefOrganPower #Ancestra
73,642,11.37,2025-08-17,@nickiikcin,Nicki,10200,YES,https://www.tiktok.com/@nickiikcin/video/7539522257979215117,Definitely look into the benefits you can get from taking an organ supplement! After doing
73,2667,2.74,2026-01-06,@hunterpelle,hunterpelle,47300,no,https://www.tiktok.com/@hunterpelle/video/7592115295876025613,Trying to show results with one functioning mom brain cell @Primal Queen #primalqueen #sup
72,1802,4,2025-11-20,@crystalabarista,Crysta⚡️💀Alt Style|Thrifter,46800,YES,https://www.tiktok.com/@crystalabarista/video/7574659978707979551,This is a long one friends. TLDR: Stress will kill you. Hormones are important. I’m gonna 
71,1099,6.46,2025-11-18,@erinbies,Erin Bies,34400,no,https://www.tiktok.com/@erinbies/video/7574137768457014542,I already posted a full Primal Queen deep dive on my YouTube channel and it dropped yester
71,11000,0.65,2026-05-23,@shopwithkellie,Kellie chaos 2739,10000,YES,https://www.tiktok.com/@shopwithkellie/video/7643129420512775454,#Dealsforyoudays #summervibes #primalqueennewarrivals
71,48100,0.15,2026-01-31,@tara_wedlock,Everyday With Tara,13500,YES,https://www.tiktok.com/@tara_wedlock/video/7601340702517103927,Replying to @TikTokMrsGlock score!!! 🤯🤯🤯 #PrimalQueen #BeefOrgans #FemaleHormones #WomensH
70,410,17.07,2026-08-17,@sassysarah_genx,Mamasarah🦋,20100,YES,https://www.tiktok.com/@sassysarah_genx/video/7675097533424618782,Primal queen calming craving and taming appetite #primalqueen #cravings #appetite #tiktoks
70,3018,2.32,2025-03-31,@monashealthylife1,monashealthylife,243,no,https://www.tiktok.com/@monashealthylife1/video/7488066296148495647,My periods used to be terrible until I started implementing beef organ capsules!!! Luckily
70,4439,1.58,2024-01-31,@pq.founder.shelby,PQ Shelby,1094,no,https://www.tiktok.com/@pq.founder.shelby/video/7330312892232813867,Replying to @Miranda Boostedbaby it helps so much 😌 love the fresh peppermint smell when I
69,9780,0.71,2025-05-06,@its.sarah.taylor,Sarah Taylor 🤎,18500,YES,https://www.tiktok.com/@its.sarah.taylor/video/7501358744245259562,@PrimalQueen forever subscribed - FOREVER.  The way they changed everything for me.  I wis
69,5885,1.17,2026-01-19,@jessrae1.0,Jess Rae,24600,YES,https://www.tiktok.com/@jessrae1.0/video/7597138552819813687,It wasn’t instant…it was consistency #primalqueen
69,3129,2.21,2025-06-26,@rebeccaunfiltered4u,REBECCA UNFILTERED™,132900,YES,https://www.tiktok.com/@rebeccaunfiltered4u/video/7520379746182630686,#primalqueen #healthylifestyle #fitnessmotivation #feelbetter #energy
69,613,11.26,2026-05-08,@sheriecewebbcampb,Sheriece,100800,YES,https://www.tiktok.com/@sheriecewebbcampb/video/7637616350155771149,#primalqueen #marrow #jointcare #tiktokshopspringglowup #tiktokshopcreatorpicks
69,10200,0.68,2025-06-25,@_ellejai,— Tish ❥,4903,YES,https://www.tiktok.com/@_ellejai/video/7519918297219861815,Excited to try these 🤗 I’ve heard great things 💊 #primalqueen #tiktokshop
69,12300,0.56,2025-08-12,@shelbaybay27,shelby. 🫶🏼,86400,YES,https://www.tiktok.com/@shelbaybay27/video/7537822394992430367,Sorry this is long winded but it’s my honest review after almost a month taking primal que
68,1051,6.47,2026-05-14,@thismamasonamission,Mama on a Mission,50300,YES,https://www.tiktok.com/@thismamasonamission/video/7639717189485858078,"I want to be able to hop, jump, play, and keep up with my kids for as long as possible 🥹💗 "
68,5356,1.27,2026-05-06,@imchellenicole,Chelle-Nicole,7528,YES,https://www.tiktok.com/@imchellenicole/video/7636628641174031630,I said what your body’s been trying to tell you 🥩 @Primal Queen #primalqueennewarrivals #p
68,743,9.15,2026-06-10,@redwagonbakery,Red Wagon Bakery,39500,no,https://www.tiktok.com/@redwagonbakery/video/7649748100747234574,"Primal queen did work in the beginning, but it isn't working so much anymore. I still do t"
68,10600,0.64,2024-03-11,@hisom0813,😍Heather Isom🤩,1210,no,https://www.tiktok.com/@hisom0813/video/7345172818805493035,Unboxing primal queen beef organs! #bettermood #energy #primalqueen #beeforgans #supplemen
68,11900,0.57,2024-10-25,@angie.swanner,Authentically Angie,3522,no,https://www.tiktok.com/@angie.swanner/video/7429790301742583082,"What organ supplements are my carnivore people taking? I’d like all input, but eager to he"
67,19100,0.35,2026-04-27,@dustibraschler,Dusti Lee,12100,YES,https://www.tiktok.com/@dustibraschler/video/7633458651633667358,I came across this marrow starter kit and had to try it for myself 👀✨ Definitely one of th
67,5732,1.17,2025-06-24,@therawandthewild,LO || 🧚🏽‍♀️,7367,YES,https://www.tiktok.com/@therawandthewild/video/7519301996193566007,"This has been a journey I’ve been trying to process/ fight for over 2 years now, so please"
67,571,11.73,2026-01-24,@hunterpelle,hunterpelle,47300,no,https://www.tiktok.com/@hunterpelle/video/7598734089742503223,6 week check in for primal queen! It’s raining outside sorry bout the sound 😅 @Primal Quee
67,3573,1.88,2025-06-25,@watchmegetripped,Carlylembo❤️‍🩹ILOST300pounds,70600,no,https://www.tiktok.com/@watchmegetripped/video/7519957354419457311,Want #glowingskin without actually eating #organmeat try these #primalqueen #bovinecollage
67,8660,0.77,2024-12-12,@melissaraemorherhood,melissaraemotherhood,4888,YES,https://www.tiktok.com/@melissaraemorherhood/video/7447327262447308074,"Hair growth, boost in energy and less anxious have been newest things ive noticed in the l"
67,2597,2.58,2024-11-16,@purelywellbeing,purelywellbeing,13900,no,https://www.tiktok.com/@purelywellbeing/video/7437672455499517226,Replying to @Abcdefg im so grateful #beeforgans #beefliver #anemic #anemia #wellness #well
66,2206,2.99,2026-07-18,@momlifeunplugged,🕷️𝕳𝖆𝖑𝖑𝖔𝕼𝖚𝖊𝖊𝖓🕷️,42500,YES,https://www.tiktok.com/@momlifeunplugged/video/7663915748351315231,"The vulnerability here is real…  I was overweight, exhausted, and tired of where I was. I "
66,6530,1.01,2026-07-15,@b_m.shopz,B+M ||| Shop,6865,YES,https://www.tiktok.com/@b_m.shopz/video/7662465810673257742,Apparently Primal Queen is running some summer sales for the ladies right now!  #primalque
66,5499,1.2,2026-05-31,@sophieabrams,sophieabrams,128400,YES,https://www.tiktok.com/@sophieabrams/video/7645895927340829966,Jar comes with queens  #primalqueen #bonemarrow #jointsupport #jointsupplements #tiktoksho
66,867,7.61,2026-06-22,@sassysarah_genx,Mamasarah🦋,20100,YES,https://www.tiktok.com/@sassysarah_genx/video/7654268482804124959,#primalqueen #tiktokshop #queen #creatorsearchinsights #fyp
66,1745,3.78,2026-07-29,@justynealger,Justyne 🤍🎀,2920,no,https://www.tiktok.com/@justynealger/video/7667759224495148301,"#stitch with @Primal Queen   Trying  ⁠Primal Queen for the first time 👑✨ Grass-fed, pastur"
65,4250,1.53,2025-04-15,@chikiss.crna,Chikiss.crna,4935,YES,https://www.tiktok.com/@chikiss.crna/video/7493576161130237227,"With just two capsules a day, Primal Queen offers a convenient way to support your health "
65,6856,0.95,2026-05-13,@imchellenicole,Chelle-Nicole,7528,YES,https://www.tiktok.com/@imchellenicole/video/7639501697068322062,The Primal Queen Goddess bundle has arrived! 👏🏽👑@Primal Queen #primalqueennewarrivals #pri
65,1392,4.67,2025-03-30,@grneyz_jess,GRNEYZ_Jess,10900,YES,https://www.tiktok.com/@grneyz_jess/video/7487426930451696942,Taking my Primal Queen pill on the go staying consistent on my journey #primalqueen #suppl
65,938,6.93,2026-08-23,@niche_notes,Leti,15400,shop-other,https://www.tiktok.com/@niche_notes/video/7677282661345414414,"@Primal Queen  Day 1: Lower Body (Glutes, Hips, and Thighs) * Warm-up: 5-10 minutes of lig"
65,5536,1.17,2025-03-04,@earthto.kam,✨kameron,102600,no,https://www.tiktok.com/@earthto.kam/video/7477995751994346795,Replying to @Samlabu exactly. #primalqueen #honestreview
65,1744,3.73,2026-06-17,@thismamasonamission,Mama on a Mission,50300,YES,https://www.tiktok.com/@thismamasonamission/video/7652350790782274847,You don’t have to accept feeling tired every day. That’s actually why I started paying att
65,608,10.69,2026-08-14,@inspirationalmarlamunoz8,🫶 That girl (Marla),11900,YES,https://www.tiktok.com/@inspirationalmarlamunoz8/video/7673672458037234958,"They give you a FREE glass jar to store your capsules, plus a cute pink travel pill holder"
65,11600,0.56,2024-11-04,@thetangledanchor,The Tangled Anchor,863,no,https://www.tiktok.com/@thetangledanchor/video/7433436609242090794,Primal Queen Reviews? #411 #deets #primalqueen #beeforgans #vitamins #womenshealth #perime
65,6424,1.01,2024-11-10,@melissaraemorherhood,melissaraemotherhood,4888,YES,https://www.tiktok.com/@melissaraemorherhood/video/7435795283218418987,Biggest changes have been being able to get up in the morning easier and a little increase
64,28100,0.23,2026-01-29,@highvibeintuition,✨Andrea✨,47900,YES,https://www.tiktok.com/@highvibeintuition/video/7600579073655475487,I hope you see this in time before they change it back!! 😩✨ **Pricing and offers may vary 
63,4504,1.4,2026-05-15,@drew.review1,Drew Review,162900,YES,https://www.tiktok.com/@drew.review1/video/7640220573062204686,Using the right type of iron is key to actually feeling its benefits!! #irondeficiencyanem
63,3540,1.78,2026-01-16,@zaras_locksfromlove,Zaras_LocksFromLove,62500,YES,https://www.tiktok.com/@zaras_locksfromlove/video/7596006322953276686,Why I use Primal Queen 👑 This supplement is designed for women 30s–50s+ whose bodies aren’
63,5450,1.16,2025-01-10,@purelywellbeing,purelywellbeing,13900,no,https://www.tiktok.com/@purelywellbeing/video/7458104533248527662,Who woulda known  #greenscreenvideo #greenscreen #beeforgans #beefliver #anemic #anemia #w
63,6757,0.93,2026-05-11,@nurselexa,Lexa,72700,YES,https://www.tiktok.com/@nurselexa/video/7638726884942957837,Ingesting highly nutrient dense foods could be the answer. This is not medical advice alwa
63,2402,2.62,2026-02-16,@cassidy.1998,Cassidy 🩷,14500,YES,https://www.tiktok.com/@cassidy.1998/video/7607559234477198606,Replying to @Wholesale  You can find a few of these supplements in my showcase!  Supplemen
62,77700,0.08,2025-09-28,@calikellydeals,Cali Kelly,9986,YES,https://www.tiktok.com/@calikellydeals/video/7555292342249458974,Primal Queen just dropped a 3 pack value bundle and it’s on FLASH SALE with FREE SHIPPING 
62,4878,1.27,2026-01-20,@plantspawsand3dprints,Ashley & Albus The Frenchie,10200,YES,https://www.tiktok.com/@plantspawsand3dprints/video/7597490378408824095,Update after taking Primal Queen for 30 days! Both the good aaannnnddddd the not so good! 
62,171,36.26,2026-07-09,@becoming.shauna,Shauna 🌀,2061,YES,https://www.tiktok.com/@becoming.shauna/video/7660584756005899551,Fvck perimenopause. Just fuel your body better!!  #primalqueen #thisis40 #perimenopausehea
62,686,9.04,2025-08-30,@lovelaughlive0160,Heather_K,10500,YES,https://www.tiktok.com/@lovelaughlive0160/video/7544388116027575582,Replying to @Robin l YayYay l LifeOver50 ✨ @Primal Queen ✨ Because every woman deserves to
62,789,7.86,2025-07-31,@_crystalslife_,🦋Crystal’s Life🦋,151900,no,https://www.tiktok.com/@_crystalslife_/video/7533309376745000206,#premenopause #celiac #protein #primalqueen #help @PrimalQueen
62,338,18.34,2025-09-02,@skeetermoon81,skeetermoon81,2465,no,https://www.tiktok.com/@skeetermoon81/video/7545350671436893471,I feel great! I look amazing! Life is Lifin babyyy! #primalqueen #cma #nightshift
61,1986,3.07,2025-05-08,@the_greyologist,The Greyologist,9443,YES,https://www.tiktok.com/@the_greyologist/video/7502132373572717854,This might be the most me-coded supplement I’ve ever seen. It’s called Primal Queen (I mea
61,693,8.8,2025-10-03,@barbergirlc,ChristieC❌,11400,YES,https://www.tiktok.com/@barbergirlc/video/7556784544792268062,This is the Only Heart I’m Entertaining! #mood #over40clubontiktok #primalqueen #women #fy
61,465,13.12,2026-06-02,@nightnursekasia,Kasia | Mama | RN 💜🩺,12400,no,https://www.tiktok.com/@nightnursekasia/video/7646596644053503245,One thing I’ve noticed lately? I’m not dragging myself into my night shifts anymore. I’ve 
61,5334,1.14,2026-04-26,@cleanbritchesllc,Destin✨| MOM+LIFE+FITNESS,108200,YES,https://www.tiktok.com/@cleanbritchesllc/video/7633206265195269406,“WALK OF SHAME”… after 35… hits different. My joints were needing relief. @PrimalQueen Mar
61,3851,1.58,2025-01-06,@melissaraemorherhood,melissaraemotherhood,4888,YES,https://www.tiktok.com/@melissaraemorherhood/video/7456682156484496682,Replying to @KJ the journey has been great so far let me know how your journey goes too!! 
60,4599,1.3,2025-08-17,@smittyyyyyyy1,paige💖,211900,YES,https://www.tiktok.com/@smittyyyyyyy1/video/7539350770819304734,I will keep taking this stuff for the near future because if it’s already helping this muc
60,581,10.33,2026-07-01,@kaela.or,kay 🎀🤍,2190,no,https://www.tiktok.com/@kaela.or/video/7657599750170021142,Primal Queen very kindly sent me their 30 day starter kit to try! You can get 25% off your
59,5281,1.12,2026-01-03,@thismamasonamission,Mama on a Mission,50300,YES,https://www.tiktok.com/@thismamasonamission/video/7591020669232549150,I am so excited that my @Primal Queen supplements finally arrived 👑✨ I’ve wanted to try th
59,6468,0.91,2026-08-06,@holisticwellness1111,holistic wellness for women,168300,YES,https://www.tiktok.com/@holisticwellness1111/video/7670743415222553870,#beeforgans
59,5312,1.11,2024-11-11,@sarahchapman_sahm,⭐️✨Sarah Elizabeth Chapman✨⭐️,10100,YES,https://www.tiktok.com/@sarahchapman_sahm/video/7436082574637665579,Your firl is goinf to share a little secret… #pcos #hashimotos #primalqueen #momlife #horm
58,1156,5.02,2025-09-17,@nickiikcin,Nicki,10200,YES,https://www.tiktok.com/@nickiikcin/video/7551040600297049358,Follow up to my @Primal Queen journey…. And it’s 100% a yes and can feel and see a differe
58,645,8.99,2025-08-04,@mirandatbrooks,Miranda | Mom Life | UGC,19000,no,https://www.tiktok.com/@mirandatbrooks/video/7534788022009679159,"Forever thankful to be a SAHM, and share part of my life with this little corner of the in"
58,737,7.87,2026-08-01,@trianathemom,Triana| SAHM 2🤍,2237,no,https://www.tiktok.com/@trianathemom/video/7668878579618303246,Ósea!?!  First gifted collaboration stay tuned for unboxing video✨🥹 Thank you:@shannon @Pr
58,5256,1.1,2024-03-11,@pq.founder.shelby,PQ Shelby,1094,no,https://www.tiktok.com/@pq.founder.shelby/video/7345197983945772330,Replying to @Kristi South great question! We only source the best for our queens 👑💖 Primal
57,6582,0.87,2026-06-28,@b_m.shopz,B+M ||| Shop,6865,YES,https://www.tiktok.com/@b_m.shopz/video/7656396499919686925,I’m returning…why? #tiktokshop #primalqueen
57,3312,1.72,2026-07-22,@amyjeanwilde,amy jean wilde,34400,shop-other,https://www.tiktok.com/@amyjeanwilde/video/7665365004656332045,Tik tok shop exclusive !  @PrimalQueen #primalqueen #creatine #fitnessjourney #goddessbund
57,1074,5.31,2026-04-17,@thismamasonamission,Mama on a Mission,50300,shop-other,https://www.tiktok.com/@thismamasonamission/video/7629732049074556191,Level up season is in full effect and these @Primal Queen Goddess Creatine Bites are helpi
57,13400,0.43,2026-07-20,@amandabridges90,Amanda-Leigh Collective,49700,YES,https://www.tiktok.com/@amandabridges90/video/7663952561778478367,"🚨 Don’t get scammed. Make sure you’re buying your Primal Queen from a trusted, reputable s"
57,167,34.13,2026-05-27,@pinkserenityco7,pinkserenityco7,8477,shop-other,https://www.tiktok.com/@pinkserenityco7/video/7644575867389136159,POV: your therapist/farm girl era needed backup 😅🐐💊 Not medical advice — definitely check 
57,5197,1.1,2024-11-14,@moonreikihealer,Tatiana The Sugar Mama,1413,no,https://www.tiktok.com/@moonreikihealer/video/7436934928824143147,"Month 3 Primal Queen questions ""are you constant?"" But look how good my skin looks 😂 # #co"
56,1632,3.43,2026-08-06,@nightshadeprofiles,Mollie | TTS 💄| UGC 💖 |,2987,YES,https://www.tiktok.com/@nightshadeprofiles/video/7670988669125184781,Seriously a game changer! @Primal Queen #primalqueen #beeforgans #primalqueensupplements #
56,744,7.53,2026-08-11,@stacywellnessnp,Stacy | Mom Life & Finds 🌸,6755,shop-other,https://www.tiktok.com/@stacywellnessnp/video/7672924315259571486,Unbox the Primal Queen Goddess Creatine Bites with me 👀💪 I’ve been seeing creatine for wom
56,7054,0.79,2024-09-18,@moonreikihealer,Tatiana The Sugar Mama,1413,no,https://www.tiktok.com/@moonreikihealer/video/7415839712880938282,#primalqueen #beeforgans #update @Primal Queen @Primalqueenusa
55,13800,0.4,2025-02-19,@goodnesshavens,Goodness Havens,20800,YES,https://www.tiktok.com/@goodnesshavens/video/7472918164024626474,I tested my blood both before and after taking this. So I'm convinced… by actual proof! #c
55,2684,2.05,2026-05-11,@thousandhillsaussies,thousandhillsaussies,48200,YES,https://www.tiktok.com/@thousandhillsaussies/video/7638660246122122527,The ONLY supplement that I’ve found to consistently help my menopause symptoms. You don’t 
55,319,17.24,2026-01-22,@photokiller88,KJ❌💜UGC,8865,YES,https://www.tiktok.com/@photokiller88/video/7598179264692849951,#PrimalQueen #FemaleBeefOrgans #tiktokshop #AncestralNutrients #FemaleHealth @Primal Queen
54,50300,0.11,2025-08-22,@megan_gremillion,Megan Gremillion,16400,YES,https://www.tiktok.com/@megan_gremillion/video/7541411682095074574,Save big on nutrient dense superfood supplements. #primalqueen #superfood #womenssupplemen
54,3095,1.74,2025-09-28,@heartfullyemily,Emily 🫶🏻,10600,YES,https://www.tiktok.com/@heartfullyemily/video/7555215317455179021,I’ve been taking Primal Queen beef superfood supplement consistently for over 3 months and
54,1527,3.54,2026-02-02,@mrsphil_lips,MrsPhillips,27300,YES,https://www.tiktok.com/@mrsphil_lips/video/7602072899272396045,"Hot flashes, brain fog, insomnia…. Yeh I found something! We gotta see how it works though"
54,3615,1.49,2025-12-15,@jinarkoster,Jina ♥️✨,14100,YES,https://www.tiktok.com/@jinarkoster/video/7584118527670504717,Primal queen looks out for us queens #primalqueen #supplements #tiktokshopholidayhaul #hol
54,5988,0.9,2026-01-06,@morgan_ttsfinds,FindsbymorganRN🌀,6830,YES,https://www.tiktok.com/@morgan_ttsfinds/video/7592095055154810167,One year of taking @Primal Queen #primalqueen #supplements #holistichealth #tiktokshopcrea
54,5489,0.98,2026-08-17,@primal_queen,Primal Queen,43200,no,https://www.tiktok.com/@primal_queen/video/7675035979073342750,Warning: You need Primal Queen!! #PrimalQueen #Beeforgans #Nutrition
54,6963,0.78,2026-08-18,@primal_queen,Primal Queen,43200,no,https://www.tiktok.com/@primal_queen/video/7675367513173134622,Every woman on a GLP-1 needs to hear this... #PrimalQueen #BeefOrgans #GLP-1  primalqueen.
54,7844,0.69,2024-09-08,@the_keto_dealer,The Keto Dealer 🖤,86800,no,https://www.tiktok.com/@the_keto_dealer/video/7412112341783022894,"🦥 ➡️🚀 My life before & after Primal Queen  Before starting Primal Queen, I literally felt "
53,22300,0.24,2026-06-13,@chantizzy13,flashsaleheadsup,7079,YES,https://www.tiktok.com/@chantizzy13/video/7650875232592383246,Primal Queen Ultimate Goddess #primalqueen #dealsforyoudays #tiktokshopcreatorpicks
53,11000,0.48,2025-03-21,@brianne_costa143,MommaBriC,23200,no,https://www.tiktok.com/@brianne_costa143/video/7484264509574663470,@Primal Queen so happy I found you 💕 #spotlightfinds #tiktokshoploveatfistfind #tiktokshop
53,6862,0.77,2025-12-24,@morgan_ttsfinds,FindsbymorganRN🌀,6830,YES,https://www.tiktok.com/@morgan_ttsfinds/video/7587285739537222967,I wish I would’ve started these sooner @Primal Queen #primalqueen #supplementsthatwork #wo
53,1183,4.48,2025-04-02,@nutrition.coach.kort,Kort❤️‍🔥,12700,YES,https://www.tiktok.com/@nutrition.coach.kort/video/7488799846162287902,It takes a lot for me to say I’m obsessed with something but Primal Queen has done amazing
53,48800,0.11,2026-01-09,@lis_daily_,Lisdaily,38100,YES,https://www.tiktok.com/@lis_daily_/video/7593370645124173087,#tiktokshopfinds #newyear #health #sahm #postpartum
53,967,5.48,2026-05-01,@hailey.toepelt2,Hailey Jo,1189,no,https://www.tiktok.com/@hailey.toepelt2/video/7634754032401141023,It’s an all day process. I’m still loving my primal queen supplements. If you’re wanting t
52,2268,2.29,2026-07-01,@becomingbeautyover40,becomingbeautyover40,2526,shop-other,https://www.tiktok.com/@becomingbeautyover40/video/7657567771403767070,"My confidence really looked at Smith Rock and said, “Yeah… we’ll figure it out.” That assu"
52,19900,0.26,2025-05-01,@bougie_britt,𝐵𝓇𝒾𝓉𝓉𝒶𝓃𝓎 🤍,6740,YES,https://www.tiktok.com/@bougie_britt/video/7499489694229679406,I just got an alert from Primal Queen 🚨🥩 There are fake products being sold by unauthorize
52,12200,0.43,2025-08-07,@thedoctorincowgirlboots,TheDoctorInCowgirlBoots,10800,YES,https://www.tiktok.com/@thedoctorincowgirlboots/video/7535941369949408543,Want to try beef organ supplements without the big price tag? 👀 You can grab Primal Queen 
52,396,13.13,2026-01-01,@unicorngigglezz,Kasha,2780,no,https://www.tiktok.com/@unicorngigglezz/video/7590177787605044493,Always gotta start my workouts with @Primal Queen Goddess Bites (linked below or in my sho
52,29000,0.18,2026-05-14,@christy.asmr,christy.asmr,11200,YES,https://www.tiktok.com/@christy.asmr/video/7639893687903735070,crazy DEALS today #tiktokshopcreatorpicks #summervibes #tiktokshopmemorialday
52,4852,1.07,2024-02-21,@pq.founder.shelby,PQ Shelby,1094,no,https://www.tiktok.com/@pq.founder.shelby/video/7338185655488597294,Replying to @T.J. Lol same 😂 i cant  even. This is one of the biggest reasons we made Prim
52,5100,1.02,2024-12-04,@shopwithcattt,Catherina,4793,YES,https://www.tiktok.com/@shopwithcattt/video/7444696915381341486,Beef organ supplement benefits for women. Try out this natural superfood that can help inc
52,2655,1.96,2024-12-31,@purelywellbeing,purelywellbeing,13900,no,https://www.tiktok.com/@purelywellbeing/video/7454724081204661546,It’s pretty amazing ngl #greenscreenvideo #greenscreen #beeforgans #beefliver #anemic #ane
51,205,24.88,2026-08-05,@aunt.chelseas.cre,Aunt Chelsea‘s Creations,2273,no,https://www.tiktok.com/@aunt.chelseas.cre/video/7670695221386169630,"🤎✨ Unboxing Primal Queen Marrow! ✨🤎 Another package has arrived, and I couldn't wait to op"
51,3160,1.61,2025-04-11,@jess.patterson_,jesss,3236,YES,https://www.tiktok.com/@jess.patterson_/video/7491888185253858602,I can’t recommend Primal Queen enough! PRIMAL QUEEN LINK IN BIO 🔗 #creatorsearchinsights #
51,7061,0.72,2026-01-13,@johnelle.0814,Johnelle💜,7406,YES,https://www.tiktok.com/@johnelle.0814/video/7594680327872744717,I do many things but this supplement has been a huge part of it ❤️ Invest in yourself and 
51,12900,0.4,2026-08-04,@dhampandas,Dhampandas,1187,YES,https://www.tiktok.com/@dhampandas/video/7670325281462291725,"PQ7 is a blend of 7 powerful, science-backed nutrients designed to help support healthy bl"
51,868,5.88,2025-02-10,@smashley_in_okc,🎀 Smashley_in_OKC 🎀,14700,YES,https://www.tiktok.com/@smashley_in_okc/video/7469844282938281262,"My friend said it helps with her night sweats, moodiness, shark week issues, growing her h"
51,722,7.06,2025-06-16,@brooklynnmariemcclusky,Brooklynn Marie,5949,YES,https://www.tiktok.com/@brooklynnmariemcclusky/video/7516363918852525358,I feel more rested and I have better energy thanks to @PrimalQueen  #primalqueen #primalqu
51,3042,1.68,2026-02-03,@rhythmandcoils,Rhythm,505100,YES,https://www.tiktok.com/@rhythmandcoils/video/7602730392159833375,Okay Primal Queens drop the tea please! Don’t get scammed use my link ladies 🙌🏽💞 #suppleme
51,405,12.59,2024-11-19,@brittanylynnmudd,BrittanyLynnMudd,3003,no,https://www.tiktok.com/@brittanylynnmudd/video/7438792182007467310,"Post workout incline walk,added 10 extra minutes tonight #laddertrainingapp @Primal Queen "
50,862,5.8,2026-06-10,@thismamasonamission,Mama on a Mission,50300,YES,https://www.tiktok.com/@thismamasonamission/video/7649905451059989791,I don’t say this lightly… I genuinely don’t want anyone to miss this one. 👏🏼 I’ve tried a 
50,10100,0.5,2026-07-24,@cleanbritchesllc,Destin✨| MOM+LIFE+FITNESS,108200,YES,https://www.tiktok.com/@cleanbritchesllc/video/7666223147607215390,"Real. Raw. Truth. Sometimes, it’s just better that way. 💜 #momhealth #womenhealth #beeforg"
50,19200,0.26,2025-10-28,@highvibeintuition,✨Andrea✨,47900,YES,https://www.tiktok.com/@highvibeintuition/video/7566362185207680286,Do not fall for everything you see here on TikTok!! 😭 Some pages use similar images and it
50,5061,0.99,2025-03-18,@purelywellbeing,purelywellbeing,13900,no,https://www.tiktok.com/@purelywellbeing/video/7483296246816558382,Her before is crazy like what 😭 #beeforgans #undereyebags #darkcircles #anemia #wellness #
50,18000,0.28,2025-10-04,@itsbetterhealth,itsbetterhealth,14100,no,https://www.tiktok.com/@itsbetterhealth/video/7557458553087331614,This works so well you need to get it asap!! #fyp #tiktokshopsale #metabolismbooster #prim
50,1048,4.77,2025-07-16,@tiff_tok20,Tiffani,18400,YES,https://www.tiktok.com/@tiff_tok20/video/7527773011991104799,#primalqueen #energy
50,224,22.32,2025-07-23,@ginnyevans2024,Gin-N-Juice,9552,no,https://www.tiktok.com/@ginnyevans2024/video/7530421400323001631,Starting my Primal Queen Journey… #primalqueen #primalqueenera #journey
50,1498,3.34,2024-11-07,@crunchyhorsechick,Heather Windom,3426,no,https://www.tiktok.com/@crunchyhorsechick/video/7434632015569423662,Prinal Queen EVERY DAY!🙌🏻😘 Check out the link in my bio and use code ORGANS for 25% off!!💜
50,3181,1.57,2024-10-24,@melrein82,Maggie Sue & Golden Doodle,15900,YES,https://www.tiktok.com/@melrein82/video/7429378346770877739,#primalqueen #carnivore #carnivoreish #carnivorelife #keto
49,135,36.3,2026-08-05,@aunt.chelseas.cre,Aunt Chelsea‘s Creations,2273,no,https://www.tiktok.com/@aunt.chelseas.cre/video/7670651608828497183,My very first Primal Queen Original Beef Organ unboxing! ✨ I've been so curious about beef
49,262,18.7,2026-03-05,@photokiller88,KJ❌💜UGC,8865,YES,https://www.tiktok.com/@photokiller88/video/7613870118367513886,#PrimalQueen #FemaleBeefOrgans #tiktokshop #AncestralNutrition #Nourish @Primal Queen
49,2951,1.66,2025-02-05,@itshimmyhendrix,Himmy Hendrix Finds,99600,YES,https://www.tiktok.com/@itshimmyhendrix/video/7467955430170299691,Talk about culture shock #primalqueen #supplementsthatwork #supplementsforwomen #pmdd #pmd
49,307,15.96,2026-08-07,@herbecominera,Casey | HerBecominEra,9339,no,https://www.tiktok.com/@herbecominera/video/7671346888175619350,Still can’t believe this landed on my doorstep! 😍✨ A huge thank you to @Primal Queen azing
49,10900,0.45,2025-02-17,@kaylarenhome,KaylaRen | Home Pro,15800,YES,https://www.tiktok.com/@kaylarenhome/video/7472391642700336415,The longer you take @Primal Queen the more benefits you will see! #primalqueen #supplement
49,4311,1.14,2026-07-03,@imchellenicole,Chelle-Nicole,7528,YES,https://www.tiktok.com/@imchellenicole/video/7658111144770456846,Can you name this nutrient dense organ?🐮 @Primal Queen #primalqueen #primalqueensupplement
49,11300,0.43,2025-02-28,@best_holistic_practices,Best_holistic_Practices,62,no,https://www.tiktok.com/@best_holistic_practices/video/7476485959173836074,primal Queen available on Amazon Check it out and thank me later  #primal #wellness #prote
48,6476,0.74,2025-12-29,@morgan_ttsfinds,FindsbymorganRN🌀,6830,YES,https://www.tiktok.com/@morgan_ttsfinds/video/7588725615663107383,I wish I knew about these sooner @Primal Queen #primalqueen #supplementsthatwork #womenshe
48,1489,3.22,2025-09-20,@niyahsfinds,Niyah,1702,YES,https://www.tiktok.com/@niyahsfinds/video/7552153142100495671,Replying to @Megan Chandler #primalqueensupplements #hairloss #hormonesupport #birthcontro
48,764,6.28,2025-05-13,@joyfuljourneymama,Sara | WFHM 💙🏁,10200,YES,https://www.tiktok.com/@joyfuljourneymama/video/7503922105151524142,Reviews say it all ! I’ll keep you updated on my Journey 🩵 #primal #primalqueen #beeforgan
48,5030,0.95,2025-07-18,@littlemissfitbrit,Littlemissfitbrit,157400,no,https://www.tiktok.com/@littlemissfitbrit/video/7528513953677233422,"Five months in with taking primal queen before organs and honestly, remember,  I don’t see"
48,381,12.6,2026-01-11,@natalielawson731,NaTalie,501,no,https://www.tiktok.com/@natalielawson731/video/7594207565689408782,https://primalqueen.com/pages/go?fbclid=IwdGRjcAPQ6s9jbGNrA9DqyWV4dG4DYWVtAjExAHNydGMGYXBw
47,6364,0.74,2025-07-29,@caitlinrnyglp,꧁🖤𝓒𝓪𝓲𝓽𝓵𝓲𝓷🖤꧂,5473,no,https://www.tiktok.com/@caitlinrnyglp/video/7532544290032012575,🚨A quick #PSA about @PrimalQueen #supplements! Please consult your physician before starti
47,252,18.65,2025-12-11,@cheriflyzik,Cheri Flyzik,1098,no,https://www.tiktok.com/@cheriflyzik/video/7582610801844817182,#primalqueenera #beeforgansupplements  #primalqueensupplements #energyboost #haveablessedd
47,4742,0.99,2025-03-05,@melissaraemorherhood,melissaraemotherhood,4888,YES,https://www.tiktok.com/@melissaraemorherhood/video/7478150673993878827,Replying to @Brittany miller  It’s totally normal to feel a little more tired in the begin
46,4524,1.02,2025-12-15,@lifewithklashaye,KEENA’S LIFE💋| TTS,61400,YES,https://www.tiktok.com/@lifewithklashaye/video/7584121263661124894,@PrimalQueen This has been an amazing journey so far 🩷💕 #primalqueen #primalqueensupplemen
46,7470,0.62,2026-05-01,@christy.asmr,christy.asmr,11200,YES,https://www.tiktok.com/@christy.asmr/video/7635068259934424351,Primal Queen is dropping crazy deals today #tiktokshopcreatorpicks #weeklydeals #Tiktoksho
46,6527,0.7,2025-02-16,@nicolemarso,Nicole Marso,244200,YES,https://www.tiktok.com/@nicolemarso/video/7472076857064639775,Replying to @Nikki | Relatable mom life primal queen is the most elite brand when it comes
46,750,6.13,2025-05-07,@brooklynnmariemcclusky,Brooklynn Marie,5949,YES,https://www.tiktok.com/@brooklynnmariemcclusky/video/7501513104686124334,Best supplement ive ever tried! Better rest. Higher labido. I feel like I have more energy
46,252,18.25,2026-05-14,@nicolecaldwell77,Nicoleee • SAHGM •,6326,YES,https://www.tiktok.com/@nicolecaldwell77/video/7639846197984824607,#creatorsearchinsights #primalqueen #healthtips #womenswellness #supplementreview @PrimalQ
46,226,20.35,2026-04-15,@franzia73,▀▄▀▄▀🧿Fra🦖▀▄▀▄▀,13000,no,https://www.tiktok.com/@franzia73/video/7629032817019718942,@Primal Queen  https://www.primalqueen.com/FRANZIA32686 #primalqueen #viral #trending #hon
46,6098,0.75,2025-09-08,@sydney.shop.finds,Sydney :),18600,YES,https://www.tiktok.com/@sydney.shop.finds/video/7547831282030431519,"I kept seeing Primal Queen on here and finally gave in… The reviews weren’t lying :) Imo, "
46,6135,0.75,2025-04-29,@hustlin.momma,Katie,5172,YES,https://www.tiktok.com/@hustlin.momma/video/7498831308672552223,Three weeks of Primal Queen!! I have a Primal Queen monthly subscription. This was not a f
46,3114,1.48,2025-10-17,@rasmag18,Alexa Kleikamp TT Hype Woman,180300,shop-other,https://www.tiktok.com/@rasmag18/video/7562261642487024926,Brand new. Just launched. TikTok exclusive ONLY. @Primal Queen just dropped the GODDESS BU
46,32000,0.14,2025-10-28,@savesszn,savesznn,30500,no,https://www.tiktok.com/@savesszn/video/7566117512690142494,Primal Queen Beef Organ Superfood - 30 Day Refill
46,9986,0.46,2023-12-31,@pq.founder.shelby,PQ Shelby,1094,no,https://www.tiktok.com/@pq.founder.shelby/video/7318861469821472043,1 capsule with every meal… its as easy as that 😌 #primalqueen #nourishyourbody #beefliver 
45,230,19.57,2025-12-21,@photokiller88,KJ❌💜UGC,8865,YES,https://www.tiktok.com/@photokiller88/video/7586398462078438686,@Primal Queen #PrimalQueen #femalevitality #AncestralNutrition #horomonesupport #rootedinn
45,280,16.07,2025-07-14,@breannamiller38,It’sme.Bre ✌️G7,4451,no,https://www.tiktok.com/@breannamiller38/video/7526924858568019231,Time to refill our Primal queen!!#tiktokshop#primalqueen#supplements
45,1690,2.66,2026-06-12,@imchellenicole,Chelle-Nicole,7528,YES,https://www.tiktok.com/@imchellenicole/video/7650361181680553230,GenX ladies! Take your man’s socks back!🧦 @Primal Queen #primalqueen #beeforgans #tiktoksh
45,678,6.64,2025-04-08,@monyd99,MonyD99 | TTS • UGC,11400,YES,https://www.tiktok.com/@monyd99/video/7491092038251810094,👸🏻✨Unlock your body’s potential with Primal Queen Beef Organ Supplements!  Headed into wee
45,1429,3.15,2025-10-11,@rasmag18,Alexa Kleikamp TT Hype Woman,180300,YES,https://www.tiktok.com/@rasmag18/video/7560051338013412639,If you have those mood swings that could make a grown man cry this is probably for you. #p
45,1420,3.17,2025-07-18,@rissarooboobea,rissarooboobea,13000,no,https://www.tiktok.com/@rissarooboobea/video/7528541365341277454,I found that taking supplements helped more with my endometriosis more than birth control 
45,4914,0.92,2025-12-22,@allyson_quinn,Allyson 💫,3467,YES,https://www.tiktok.com/@allyson_quinn/video/7586730465243974926,I'm here to test this out and give y'all an honest review. The reviews have been really go
45,4104,1.1,2025-07-18,@lady_for_liberty,Brandi🌻,5165,YES,https://www.tiktok.com/@lady_for_liberty/video/7528489587233148173,Have YOU tried Primal Queen?! 👑 #primalqueen #beeforgans #ketolife
45,5875,0.77,2024-09-18,@mamax42024,mamax4✨,3973,no,https://www.tiktok.com/@mamax42024/video/7416009188746333471,Update on taking #primalqueen while pregnant. #momsoftiktok #momlife #vitamins
44,128,34.38,2026-07-29,@aunt.chelseas.cre,Aunt Chelsea‘s Creations,2273,no,https://www.tiktok.com/@aunt.chelseas.cre/video/7667821467261766942,’M OFFICIALLY A PRIMAL QUEEN AFFILIATE! 🎉🌿 Who’s ready to follow my journey? I’ll be shari
44,659,6.68,2026-07-08,@kirstiskreations,Kirsti’s Kreations Homemade,595,no,https://www.tiktok.com/@kirstiskreations/video/7660170533404708110,If you tired of wearing big ass draws get you some beef organs from @Primal Queen and get 
44,1816,2.42,2025-07-23,@mamamoorecreates,mamamoorecreates,6370,no,https://www.tiktok.com/@mamamoorecreates/video/7530100988078755103,I started primal queen supplements 2 weeks ago and have noticed that I need to pump more o
44,22500,0.2,2026-05-03,@christy.asmr,christy.asmr,11200,YES,https://www.tiktok.com/@christy.asmr/video/7635790986458762526,Primal Queen is dropping crazy deals today #tiktokshopcreatorpicks #weeklydeals #Tiktoksho
44,541,8.13,2025-06-12,@ashleys_world0227,💄✨Ashley’s World 🖤🕊️,12300,YES,https://www.tiktok.com/@ashleys_world0227/video/7515054444975885610,I can’t rave enough about these supplements 👑 #fyp #fypシ #primalqueen #primalqueenjourney 
44,2333,1.89,2025-01-07,@thewisegenx,🇺🇸Gen❌Laura🇺🇸,33200,YES,https://www.tiktok.com/@thewisegenx/video/7456958323087199518,"#greenscreenvideo Liver? Uterus? Kidney? Anyone in? Not me, but I know how good organ meat"
44,324,13.58,2025-08-01,@mamamoorecreates,mamamoorecreates,6370,no,https://www.tiktok.com/@mamamoorecreates/video/7533652406194687263,WTF is this primal queen you keep mentioning?!  •They are little capsules containing six e
44,656,6.71,2025-02-27,@sugarysweettho,JessShesSugarySweettho🍭🍬💜CQ,7553,YES,https://www.tiktok.com/@sugarysweettho/video/7475943983429111086,Tired of feeling tired? 💤 Primal Queen’s grass-fed beef organs are the nutrient-packed sec
44,2150,2.05,2025-01-25,@purelywellbeing,purelywellbeing,13900,no,https://www.tiktok.com/@purelywellbeing/video/7463957599298571566,Replying to @Sarah.dawn.mccurdy #greenscreen ORGAN MEAT ALL THE WAY . They’re capsules if 
44,1290,3.41,2025-08-21,@sammie.laplante,Sammie Laplante | girl mama ✨,327,no,https://www.tiktok.com/@sammie.laplante/video/7541032577864371486,PR PACKAGES                                 Primal queen ~ SAMMIE85646             I’m on 
44,1062,4.14,2026-08-19,@thismamasonamission,Mama on a Mission,50300,YES,https://www.tiktok.com/@thismamasonamission/video/7675745652621495583,"About last night… 👀😂 Listen, nobody warned me that getting consistent with my @Primal Quee"
44,12200,0.36,2026-04-26,@mrsbakula,MrsBakula,15200,YES,https://www.tiktok.com/@mrsbakula/video/7633125261155863821,primal queen just released their marrow supplement 😍 in love adding this into addition to 
44,1534,2.87,2024-11-01,@purelywellbeing,purelywellbeing,13900,no,https://www.tiktok.com/@purelywellbeing/video/7432432247761915179,Replying to @Selina thank you girl  #skin #acne #beeforgans #beeforgansupplements #beeforg
43,209,20.57,2026-07-22,@highvibe44,highvibe44❌️,11000,YES,https://www.tiktok.com/@highvibe44/video/7665200427918478606,Beef organs supplement made FOR women BY women. Currently has FREE SHIPPING! @Primal Queen
43,6442,0.67,2025-10-19,@jessrae1.0,Jess Rae,24600,YES,https://www.tiktok.com/@jessrae1.0/video/7563076279268871437,Replying to @Hi_ItsMe_Roniii🐤✈️🧸👻💎🦒 I think they’re delicious on top of all the benefits 🩵
43,1267,3.39,2026-05-07,@thismamasonamission,Mama on a Mission,50300,YES,https://www.tiktok.com/@thismamasonamission/video/7636992998148001055,Daily wellness routine means DAILY. 👑✨ I almost forgot my @Primal Queen today and immediat
43,217,19.82,2025-07-16,@sassynovels,📚 SassyNovels | Booktok 📚,5383,YES,https://www.tiktok.com/@sassynovels/video/7527727280362245431,I really do love this and did not know it was on tt shop until I looked. I found out about
43,557,7.72,2026-08-23,@nicole.helmuth,Nicole💕,8078,shop-other,https://www.tiktok.com/@nicole.helmuth/video/7677374676309478686,"Finally got myself to another Pilates class, and it was the best way to start the day! 💕 A"
43,533,8.07,2025-12-04,@meganwatts86,Megan Watts,1519,no,https://www.tiktok.com/@meganwatts86/video/7580029481969012023,💯 Primal Queen! Nourish your body like a queen with 100% grass fed and pasture raised beef
43,263,16.35,2026-03-10,@mrshanrn,Michelle /Viral Finds,12400,YES,https://www.tiktok.com/@mrshanrn/video/7615638542429064462,Primal Queen beef organ supplement/ grass fed organ capsules for women : Nutrient dense su
43,1316,3.27,2025-03-13,@purelywellbeing,purelywellbeing,13900,no,https://www.tiktok.com/@purelywellbeing/video/7481327129997839662,Not affiliated just my honest review  #beeforgans #beefliver #anemic #anemia #wellness #we
43,885,4.86,2025-07-12,@nicolevfinds,nicolevfinds,8225,YES,https://www.tiktok.com/@nicolevfinds/video/7526232290830142750,#primalqueenjourney #primalqueen #WDNC #wife #primalqueensupplements
43,3130,1.37,2026-05-20,@itshimmyhendrix,Himmy Hendrix Finds,99600,YES,https://www.tiktok.com/@itshimmyhendrix/video/7641777786885131550,if you wake up stiff listen up #jointsupport #bonemarrow #marrow #primalqueen #joints
43,1344,3.2,2026-06-28,@aerionrodriguez97,Aerion | TTS Finds,5016,YES,https://www.tiktok.com/@aerionrodriguez97/video/7656473646583549197,Already feeling benefits after only a little over a week. 👀  ___ #primalqueen #unboxingvid
43,3354,1.28,2026-04-16,@_oliviaswales,Liv,4443,no,https://www.tiktok.com/@_oliviaswales/video/7629294756987735318,I took beef organ supplements every day for 2 weeks and this is what I noticed 👇🏼✨ ✨ my en
43,5305,0.81,2024-03-06,@pq.founder.shelby,PQ Shelby,1094,no,https://www.tiktok.com/@pq.founder.shelby/video/7343385002022882602,Replying to @KAYLA 😅 me neitherrrr. Thats why creating Primal Queen was a must! Beef organ
43,415,10.36,2024-11-02,@crunchyhorsechick,Heather Windom,3426,no,https://www.tiktok.com/@crunchyhorsechick/video/7432809930530442542,Boosts energy ✔️ Supports hormonal imbalances ✔️ Promotes weight loss ✔️ Improves cognitio
42,2596,1.62,2025-02-20,@its.sarah.taylor,Sarah Taylor 🤎,18500,YES,https://www.tiktok.com/@its.sarah.taylor/video/7473317930835627310,"@Primal Queen As always, consult with the doc first before trying anything new! ✨🤌🏼 #prima"
42,892,4.71,2025-03-10,@tired.mom.87,it's.me.maria🌻🌻🌻,1737,YES,https://www.tiktok.com/@tired.mom.87/video/7480255567408155935,This is my 2 week update on  #primalqueen this  is a long video but I hope it helps someon
42,1375,3.05,2025-10-10,@rasmag18,Alexa Kleikamp TT Hype Woman,180300,YES,https://www.tiktok.com/@rasmag18/video/7559597817405181214,I will say it till I’m blue in the face! Just try it! 👏🏼 #primalqueen #supplementsforwomen
42,19900,0.21,2026-05-06,@shopwithkellie,Kellie chaos 2739,10000,YES,https://www.tiktok.com/@shopwithkellie/video/7636860084768804126,#primalqueennewarrivals #primalqueenmarrow
42,598,7.02,2025-05-21,@ashleys_world0227,💄✨Ashley’s World 🖤🕊️,12300,YES,https://www.tiktok.com/@ashleys_world0227/video/7506700420199320874,🔗 https://www.primalqueen.com/ASHLEY20587 #fyp #fypシ #primalqueen #primalqueensupplements 
42,4526,0.93,2026-05-16,@drew.review,Drew Reviews,189500,YES,https://www.tiktok.com/@drew.review/video/7640318509305679118,You need the RIGHT kind of iron to actually feel any benefits or else it’s not absorbed!! 
42,1076,3.9,2026-05-11,@imchellenicole,Chelle-Nicole,7528,YES,https://www.tiktok.com/@imchellenicole/video/7638437030137007373,I am extremely passionate about our modern day diet. 🥩 @Primal Queen #primalqueen #beeforg
42,1062,3.95,2025-09-28,@lifewithceasia,Ce’Asia | Fitness + UGC,3335,no,https://www.tiktok.com/@lifewithceasia/video/7555258284333075725,Testing out the Primal Queen creatine bites + capsules 💖💪🏾 excited to see how they help wi
42,365,11.51,2025-08-03,@stacemace28,Stacy’s momming it up,2867,no,https://www.tiktok.com/@stacemace28/video/7534182417964223799,I am going to start taking primal Queen and I want to track my progress or lack of progres
42,2764,1.52,2024-07-31,@lawsonskrew,Tia,138,no,https://www.tiktok.com/@lawsonskrew/video/7397893977380310302,"first day trying @Primalqueenusa. after having a kid, everything went absolutely nuts with"
41,19200,0.21,2026-08-07,@izzyshopsdeals,Izzyshopsdeals,193300,YES,https://www.tiktok.com/@izzyshopsdeals/video/7671138195114970381,"Primal Queen PQ7 Starter Kit #TikTokShopCreatorPicks #AIGC  - - *Final price, shipping, co"
41,3989,1.03,2025-03-22,@melissaraemorherhood,melissaraemotherhood,4888,YES,https://www.tiktok.com/@melissaraemorherhood/video/7484419828581764394,"Started Primal Queen 6 months ago because my hormones were a wreck—infertility, exhaustion"
41,542,7.56,2025-12-17,@hunterpelle,hunterpelle,47300,no,https://www.tiktok.com/@hunterpelle/video/7584931523132984589,Second week taking@Primal Queen primal queen with cystic acne. Not really much improvement
41,828,4.95,2025-01-21,@purelywellbeing,purelywellbeing,13900,no,https://www.tiktok.com/@purelywellbeing/video/7462424618502999342,Idk how she just eats it raw like that  #greenscreen #greenscreenvideo #beeforgans #beefli
41,7009,0.58,2025-10-07,@mamademiii,demi 🌼👩🏼‍🍼💛,12000,YES,https://www.tiktok.com/@mamademiii/video/7558281458335386894,"if you’re considering getting it, this is worth a listen!👌  The reviews on this product sp"
